6/1/09,14.4
6/2/09,11.1
6/3/09,11.7
6/4/09,14.1
6/5/09,18
6/6/09,6.6
6/7/09,3.6
6/8/09,30
6/9/09,21
6/10/09,14.7
6/11/09,14.4
6/12/09,11.4
6/13/09,4.5
6/14/09,4.5
6/15/09,13.8
6/16/09,9.9
6/17/09,10.5
6/18/09,9.9
6/19/09,13.8
6/20/09,7.2
6/21/09,5.1
6/22/09,17.7
6/23/09,15.3
6/24/09,10.5
6/25/09,12.6
6/26/09,12.3
6/27/09,3.9
6/28/09,2.7
6/29/09,12
6/30/09,10.5
7/1/09,10.73
7/2/09,10.15
7/3/09,5.8
7/4/09,0
7/5/09,2.9
7/6/09,10.15
7/7/09,10.44
7/8/09,8.99
7/9/09,8.12
7/10/09,8.99
7/11/09,3.48
7/12/09,4.35
7/13/09,11.6
7/14/09,10.15
7/15/09,14.79
7/16/09,12.76
7/17/09,16.24
7/18/09,4.35
7/19/09,0
7/20/09,17.4
7/21/09,25.81
7/22/09,29
7/23/09,16.82
7/24/09,14.79
7/25/09,3.19
7/26/09,3.48
7/27/09,11.89
7/28/09,10.73
7/29/09,15.08
7/30/09,15.08
7/31/09,13.92
8/1/09,7.77
8/2/09,6.3
8/3/09,21
8/4/09,19.53
8/5/09,15.75
8/6/09,16.59
8/7/09,18.06
8/8/09,4.83
8/9/09,4.2
8/10/09,13.44
8/11/09,15.54
8/12/09,14.49
8/13/09,13.86
8/14/09,16.8
8/15/09,6.09
8/16/09,0
8/17/09,14.91
8/18/09,16.59
8/19/09,15.33
8/20/09,13.02
8/21/09,15.33
8/22/09,4.62
8/23/09,4.62
8/24/09,17.43
8/25/09,17.43
8/26/09,12.6
8/27/09,15.12
8/28/09,17.64
8/29/09,7.56
8/30/09,5.04
8/31/09,13.86
9/1/09,11.04
9/2/09,9.12
9/3/09,10.08
9/4/09,9.36
9/5/09,4.32
9/6/09,0
9/7/09,3.36
9/8/09,11.76
9/9/09,24
9/10/09,13.92
9/11/09,12.48
9/12/09,2.4
9/13/09,3.36
9/14/09,10.32
9/15/09,10.8
9/16/09,17.28
9/17/09,16.56
9/18/09,12.96
9/19/09,3.84
9/20/09,0
9/21/09,11.28
9/22/09,10.32
9/23/09,13.2
9/24/09,17.04
9/25/09,11.76
9/26/09,2.88
9/27/09,3.36
9/28/09,12.24
9/29/09,9.84
9/30/09,11.76
10/1/09,8.91
10/2/09,10.89
10/3/09,3.3
10/4/09,2.64
10/5/09,9.57
10/6/09,11.22
10/7/09,8.91
10/8/09,10.89
10/9/09,8.58
10/10/09,4.29
10/11/09,3.96
10/12/09,8.25
10/13/09,8.25
10/14/09,11.88
10/15/09,10.89
10/16/09,8.25
10/17/09,4.62
10/18/09,3.3
10/19/09,28.05
10/20/09,33
10/21/09,22.77
10/22/09,17.82
10/23/09,15.18
10/24/09,4.95
10/25/09,2.97
10/26/09,10.89
10/27/09,13.2
10/28/09,12.54
10/29/09,11.88
10/30/09,11.22
10/31/09,4.29
11/1/09,5.94
11/2/09,22
11/3/09,16.94
11/4/09,16.72
11/5/09,15.4
11/6/09,17.82
11/7/09,7.26
11/8/09,3.96
11/9/09,18.7
11/10/09,17.16
11/11/09,18.92
11/12/09,15.18
11/13/09,19.8
11/14/09,6.6
11/15/09,4.18
11/16/09,19.14
11/17/09,18.48
11/18/09,13.42
11/19/09,12.32
11/20/09,17.16
11/21/09,4.18
11/22/09,0
11/23/09,16.28
11/24/09,16.5
11/25/09,14.96
11/26/09,6.6
11/27/09,13.42
11/28/09,5.5
11/29/09,4.62
11/30/09,12.76
12/1/09,13.44
12/2/09,14.91
12/3/09,12.81
12/4/09,15.54
12/5/09,4.41
12/6/09,2.52
12/7/09,12.18
12/8/09,13.44
12/9/09,16.17
12/10/09,13.86
12/11/09,12.18
12/12/09,6.51
12/13/09,4.2
12/14/09,13.65
12/15/09,11.34
12/16/09,12.18
12/17/09,13.02
12/18/09,10.08
12/19/09,5.04
12/20/09,3.15
12/21/09,11.76
12/22/09,14.49
12/23/09,11.34
12/24/09,17.22
12/25/09,14.07
12/26/09,9.45
12/27/09,4.83
12/28/09,21
12/29/09,16.38
12/30/09,16.8
12/31/09,17.85
1/1/10,4.2
1/2/10,3.36
1/3/10,3.36
1/4/10,11.34
1/5/10,12.6
1/6/10,10.08
1/7/10,9.24
1/8/10,9.66
1/9/10,4.2
1/10/10,3.36
1/11/10,8.82
1/12/10,7.98
1/13/10,8.4
1/14/10,7.14
1/15/10,8.82
1/16/10,3.36
1/17/10,2.1
1/18/10,5.04
1/19/10,10.08
1/20/10,10.5
1/21/10,11.34
1/22/10,12.18
1/23/10,7.14
1/24/10,3.36
1/25/10,22.68
1/26/10,27.3
1/27/10,42
1/28/10,26.88
1/29/10,18.9
1/30/10,7.98
1/31/10,3.36
2/1/10,20.9
2/2/10,18.48
2/3/10,16.5
2/4/10,22
2/5/10,19.14
2/6/10,6.38
2/7/10,5.06
2/8/10,17.38
2/9/10,17.82
2/10/10,14.52
2/11/10,12.98
2/12/10,14.52
2/13/10,5.94
2/14/10,3.74
2/15/10,8.58
2/16/10,12.54
2/17/10,14.08
2/18/10,12.76
2/19/10,13.42
2/20/10,6.16
2/21/10,2.64
2/22/10,9.24
2/23/10,12.32
2/24/10,11.88
2/25/10,13.86
2/26/10,14.3
2/27/10,5.94
2/28/10,5.06
3/1/10,15.93
3/2/10,17.82
3/3/10,16.2
3/4/10,15.39
3/5/10,24.57
3/6/10,11.61
3/7/10,7.56
3/8/10,21.6
3/9/10,24.03
3/10/10,23.49
3/11/10,18.36
3/12/10,22.14
3/13/10,8.64
3/14/10,6.75
3/15/10,20.25
3/16/10,17.55
3/17/10,15.66
3/18/10,21.06
3/19/10,16.2
3/20/10,5.94
3/21/10,4.59
3/22/10,16.47
3/23/10,16.74
3/24/10,20.52
3/25/10,20.25
3/26/10,21.87
3/27/10,9.45
3/28/10,7.83
3/29/10,25.38
3/30/10,27
3/31/10,24.57
4/1/10,17.16
4/2/10,14.96
4/3/10,11.44
4/4/10,12.76
4/5/10,29.92
4/6/10,20.68
4/7/10,19.8
4/8/10,18.48
4/9/10,17.6
4/10/10,6.16
4/11/10,4.84
4/12/10,14.96
4/13/10,14.96
4/14/10,17.6
4/15/10,17.6
4/16/10,17.6
4/17/10,8.36
4/18/10,4.84
4/19/10,18.48
4/20/10,36.52
4/21/10,44
4/22/10,28.6
4/23/10,23.76
4/24/10,10.12
4/25/10,7.48
4/26/10,18.48
4/27/10,18.92
4/28/10,18.92
4/29/10,17.6
4/30/10,18.48
5/1/10,7.35
5/2/10,6.3
5/3/10,18.9
5/4/10,18.55
5/5/10,19.25
5/6/10,35
5/7/10,32.2
5/8/10,9.8
5/9/10,7
5/10/10,26.25
5/11/10,19.95
5/12/10,19.6
5/13/10,18.55
5/14/10,18.2
5/15/10,5.6
5/16/10,4.2
5/17/10,15.05
5/18/10,15.75
5/19/10,12.95
5/20/10,18.9
5/21/10,18.55
5/22/10,5.25
5/23/10,4.55
5/24/10,16.1
5/25/10,19.25
5/26/10,21.7
5/27/10,22.4
5/28/10,20.65
5/29/10,8.05
5/30/10,4.2
5/31/10,4.2
6/1/10,18.55
6/2/10,21.35
6/3/10,14.35
6/4/10,20.65
6/5/10,6.65
6/6/10,4.9
6/7/10,35
6/8/10,24.85
6/9/10,17.5
6/10/10,18.2
6/11/10,15.75
6/12/10,5.6
6/13/10,3.5
6/14/10,13.65
6/15/10,17.15
6/16/10,24.15
6/17/10,21.35
6/18/10,21
6/19/10,9.1
6/20/10,5.95
6/21/10,23.1
6/22/10,18.9
6/23/10,17.15
6/24/10,22.05
6/25/10,19.6
6/26/10,7.35
6/27/10,5.25
6/28/10,18.9
6/29/10,21.7
6/30/10,21.7
7/1/10,17.15
7/2/10,16.45
7/3/10,5.95
7/4/10,3.5
7/5/10,6.65
7/6/10,13.65
7/7/10,13.65
7/8/10,16.1
7/9/10,13.3
7/10/10,5.95
7/11/10,3.85
7/12/10,13.3
7/13/10,20.3
7/14/10,17.85
7/15/10,23.1
7/16/10,26.6
7/17/10,6.3
7/18/10,3.15
7/19/10,20.3
7/20/10,35
7/21/10,31.85
7/22/10,17.85
7/23/10,16.1
7/24/10,5.6
7/25/10,4.2
7/26/10,13.3
7/27/10,15.05
7/28/10,13.65
7/29/10,14
7/30/10,11.2
7/31/10,4.9
8/1/10,4.2
8/2/10,18.6
8/3/10,16
8/4/10,15
8/5/10,17.6
8/6/10,15
8/7/10,4.6
8/8/10,3
8/9/10,17.2
8/10/10,15.6
8/11/10,17.8
8/12/10,20
8/13/10,14.4
8/14/10,5.4
8/15/10,3.4
8/16/10,15
8/17/10,15.4
8/18/10,12.4
8/19/10,16.6
8/20/10,14.4
8/21/10,5
8/22/10,4.6
8/23/10,12
8/24/10,17.4
8/25/10,17
8/26/10,15.6
8/27/10,17.6
8/28/10,4.4
8/29/10,4
8/30/10,13.8
8/31/10,14.4
9/1/10,27
9/2/10,20.79
9/3/10,15.93
9/4/10,7.29
9/5/10,2.97
9/6/10,4.05
9/7/10,12.42
9/8/10,16.47
9/9/10,17.28
9/10/10,15.66
9/11/10,3.78
9/12/10,3.51
9/13/10,17.55
9/14/10,17.28
9/15/10,17.28
9/16/10,20.25
9/17/10,20.52
9/18/10,7.02
9/19/10,2.97
9/20/10,19.98
9/21/10,20.52
9/22/10,21.06
9/23/10,21.06
9/24/10,22.68
9/25/10,7.02
9/26/10,5.4
9/27/10,19.17
9/28/10,23.76
9/29/10,19.17
9/30/10,17.28
10/1/10,9.84
10/2/10,3.69
10/3/10,2.87
10/4/10,11.48
10/5/10,11.07
10/6/10,11.48
10/7/10,12.71
10/8/10,11.89
10/9/10,5.33
10/10/10,3.69
10/11/10,13.12
10/12/10,13.12
10/13/10,18.45
10/14/10,17.63
10/15/10,20.09
10/16/10,9.02
10/17/10,5.33
10/18/10,41
10/19/10,34.44
10/20/10,23.78
10/21/10,17.22
10/22/10,14.76
10/23/10,5.74
10/24/10,4.1
10/25/10,12.71
10/26/10,13.53
10/27/10,12.71
10/28/10,13.12
10/29/10,11.89
10/30/10,3.28
10/31/10,3.28
11/1/10,21.84
11/2/10,20.88
11/3/10,19.92
11/4/10,23.52
11/5/10,20.88
11/6/10,9.12
11/7/10,6.24
11/8/10,22.08
11/9/10,19.68
11/10/10,19.44
11/11/10,18.96
11/12/10,23.28
11/13/10,6.24
11/14/10,3.84
11/15/10,21.6
11/16/10,24
11/17/10,20.16
11/18/10,22.32
11/19/10,19.44
11/20/10,8.16
11/21/10,4.8
11/22/10,17.04
11/23/10,20.64
11/24/10,16.8
11/25/10,8.16
11/26/10,13.68
11/27/10,6.72
11/28/10,0
11/29/10,17.04
11/30/10,18
12/1/10,18.72
12/2/10,21.36
12/3/10,18.48
12/4/10,6.24
12/5/10,3.84
12/6/10,18.24
12/7/10,21.12
12/8/10,19.44
12/9/10,17.28
12/10/10,19.68
12/11/10,6.72
12/12/10,4.08
12/13/10,20.88
12/14/10,22.56
12/15/10,19.92
12/16/10,17.04
12/17/10,17.28
12/18/10,4.8
12/19/10,5.52
12/20/10,18
12/21/10,24
12/22/10,18.72
12/23/10,22.08
12/24/10,10.32
12/25/10,7.68
12/26/10,4.08
12/27/10,18.24
12/28/10,24
12/29/10,19.68
12/30/10,15.12
12/31/10,18
1/1/11,1.84
1/2/11,2.3
1/3/11,10.58
1/4/11,9.66
1/5/11,9.2
1/6/11,9.2
1/7/11,10.12
1/8/11,5.52
1/9/11,3.22
1/10/11,12.42
1/11/11,16.56
1/12/11,11.04
1/13/11,9.66
1/14/11,11.5
1/15/11,5.06
1/16/11,3.68
1/17/11,21.16
1/18/11,46
1/19/11,29.44
1/20/11,16.1
1/21/11,13.34
1/22/11,4.6
1/23/11,3.68
1/24/11,12.42
1/25/11,12.88
1/26/11,11.96
1/27/11,11.5
1/28/11,11.04
1/29/11,4.6
1/30/11,2.76
1/31/11,9.2
2/1/11,25.92
2/2/11,20.88
2/3/11,20.16
2/4/11,23.76
2/5/11,9.72
2/6/11,6.12
2/7/11,23.04
2/8/11,22.68
2/9/11,24.84
2/10/11,29.88
2/11/11,28.44
2/12/11,11.16
2/13/11,6.84
2/14/11,22.68
2/15/11,25.2
2/16/11,26.28
2/17/11,36
2/18/11,29.52
2/19/11,9.36
2/20/11,7.92
2/21/11,15.12
2/22/11,32.04
2/23/11,32.4
2/24/11,26.64
2/25/11,21.6
2/26/11,9.36
2/27/11,5.04
2/28/11,21.6
3/1/11,21
3/2/11,35
3/3/11,29.05
3/4/11,22.75
3/5/11,9.1
3/6/11,6.65
3/7/11,18.9
3/8/11,18.55
3/9/11,18.2
3/10/11,20.65
3/11/11,22.05
3/12/11,10.85
3/13/11,6.65
3/14/11,23.1
3/15/11,22.05
3/16/11,28
3/17/11,27.3
3/18/11,20.3
3/19/11,9.45
3/20/11,6.3
3/21/11,19.6
3/22/11,17.85
3/23/11,16.45
3/24/11,17.5
3/25/11,19.25
3/26/11,6.3
3/27/11,4.9
3/28/11,18.9
3/29/11,15.4
3/30/11,18.9
3/31/11,17.15
4/1/11,10.88
4/2/11,5.44
4/3/11,3.74
4/4/11,11.9
4/5/11,13.94
4/6/11,13.6
4/7/11,11.9
4/8/11,11.56
4/9/11,3.06
4/10/11,3.06
4/11/11,11.56
4/12/11,13.6
4/13/11,12.24
4/14/11,11.56
4/15/11,12.24
4/16/11,4.08
4/17/11,3.06
4/18/11,13.6
4/19/11,15.98
4/20/11,30.26
4/21/11,34
4/22/11,13.26
4/23/11,4.76
4/24/11,5.44
4/25/11,13.94
4/26/11,13.94
4/27/11,13.26
4/28/11,11.9
4/29/11,12.92
4/30/11,4.76
5/1/11,5.94
5/2/11,20.46
5/3/11,19.8
5/4/11,18.48
5/5/11,19.14
5/6/11,16.72
5/7/11,7.7
5/8/11,5.06
5/9/11,18.48
5/10/11,20.24
5/11/11,17.6
5/12/11,17.82
5/13/11,14.08
5/14/11,5.28
5/15/11,5.72
5/16/11,18.48
5/17/11,17.38
5/18/11,19.36
5/19/11,19.14
5/20/11,17.6
5/21/11,8.14
5/22/11,6.16
5/23/11,18.48
5/24/11,18.04
5/25/11,16.72
5/26/11,14.52
5/27/11,14.52
5/28/11,6.16
5/29/11,3.52
5/30/11,5.5
5/31/11,22
6/1/11,18.09
6/2/11,17.55
6/3/11,15.39
6/4/11,6.48
6/5/11,4.05
6/6/11,27
6/7/11,19.98
6/8/11,15.66
6/9/11,15.66
6/10/11,13.23
6/11/11,5.4
6/12/11,3.51
6/13/11,15.93
6/14/11,17.55
6/15/11,13.5
6/16/11,14.31
6/17/11,15.12
6/18/11,5.4
6/19/11,3.78
6/20/11,22.14
6/21/11,19.71
6/22/11,15.12
6/23/11,15.93
6/24/11,15.66
6/25/11,5.13
6/26/11,3.78
6/27/11,15.93
6/28/11,16.47
6/29/11,15.66
6/30/11,16.2
7/1/11,10.5
7/2/11,3.36
7/3/11,1.68
7/4/11,2.94
7/5/11,11.34
7/6/11,9.66
7/7/11,12.6
7/8/11,10.5
7/9/11,5.04
7/10/11,2.52
7/11/11,10.92
7/12/11,10.92
7/13/11,9.66
7/14/11,11.76
7/15/11,12.18
7/16/11,6.72
7/17/11,4.2
7/18/11,17.22
7/19/11,40.74
7/20/11,42
7/21/11,23.1
7/22/11,20.16
7/23/11,6.3
7/24/11,4.62
7/25/11,18.48
7/26/11,18.48
7/27/11,18.06
7/28/11,17.22
7/29/11,15.12
7/30/11,5.04
7/31/11,5.46
8/1/11,10.8
8/2/11,10.8
8/3/11,9.6
8/4/11,12.6
8/5/11,15.6
8/6/11,4.2
8/7/11,3.6
8/8/11,18
8/9/11,18
8/10/11,15.6
8/11/11,13.2
8/12/11,11.4
8/13/11,3.6
8/14/11,3
8/15/11,9
8/16/11,7.8
8/17/11,7.2
8/18/11,10.8
8/19/11,10.2
8/20/11,4.2
8/21/11,2.4
8/22/11,8.4
8/23/11,9
8/24/11,23.4
8/25/11,60
8/26/11,15.6
8/27/11,5.4
8/28/11,2.4
8/29/11,10.2
8/30/11,9.6
8/31/11,8.4
9/1/11,19.04
9/2/11,17.34
9/3/11,7.48
9/4/11,4.42
9/5/11,4.76
9/6/11,19.04
9/7/11,20.4
9/8/11,16.32
9/9/11,20.06
9/10/11,6.8
9/11/11,4.08
9/12/11,17
9/13/11,16.66
9/14/11,17.68
9/15/11,16.66
9/16/11,22.78
9/17/11,7.82
9/18/11,5.1
9/19/11,31.62
9/20/11,34
9/21/11,27.2
9/22/11,29.92
9/23/11,25.16
9/24/11,8.16
9/25/11,6.12
9/26/11,24.82
9/27/11,26.86
9/28/11,23.12
9/29/11,24.14
9/30/11,23.12
10/1/11,2.6
10/2/11,1.95
10/3/11,9.1
10/4/11,23.4
10/5/11,20.15
10/6/11,65
10/7/11,16.25
10/8/11,5.2
10/9/11,3.25
10/10/11,11.7
10/11/11,11.05
10/12/11,10.4
10/13/11,9.75
10/14/11,13.65
10/15/11,5.2
10/16/11,3.9
10/17/11,13.65
10/18/11,20.8
10/19/11,22.1
10/20/11,12.35
10/21/11,10.4
10/22/11,3.9
10/23/11,2.6
10/24/11,9.75
10/25/11,9.1
10/26/11,7.8
10/27/11,11.05
10/28/11,7.15
10/29/11,2.6
10/30/11,1.3
10/31/11,7.15
11/1/11,27.55
11/2/11,26.39
11/3/11,25.23
11/4/11,21.75
11/5/11,8.99
11/6/11,4.64
11/7/11,20.3
11/8/11,24.07
11/9/11,24.65
11/10/11,28.71
11/11/11,29
11/12/11,8.99
11/13/11,6.96
11/14/11,22.04
11/15/11,23.49
11/16/11,23.49
11/17/11,22.04
11/18/11,23.49
11/19/11,7.83
11/20/11,3.48
11/21/11,25.81
11/22/11,22.33
11/23/11,19.72
11/24/11,7.83
11/25/11,16.82
11/26/11,6.67
11/27/11,5.22
11/28/11,23.2
11/29/11,22.33
11/30/11,26.97
12/1/11,24
12/2/11,20.4
12/3/11,6.24
12/4/11,5.28
12/5/11,21.12
12/6/11,20.64
12/7/11,17.04
12/8/11,16.08
12/9/11,18
12/10/11,6.72
12/11/11,6.24
12/12/11,16.08
12/13/11,16.56
12/14/11,16.8
12/15/11,17.28
12/16/11,16.08
12/17/11,5.28
12/18/11,4.8
12/19/11,15.36
12/20/11,23.04
12/21/11,19.92
12/22/11,18.24
12/23/11,17.76
12/24/11,7.2
12/25/11,3.84
12/26/11,10.32
12/27/11,19.92
12/28/11,19.68
12/29/11,17.04
12/30/11,18.24
12/31/11,6.96
1/1/12,1.44
1/2/12,3.6
1/3/12,7.92
1/4/12,7.56
1/5/12,8.64
1/6/12,9.36
1/7/12,3.96
1/8/12,2.16
1/9/12,9
1/10/12,9
1/11/12,8.28
1/12/12,7.92
1/13/12,7.92
1/14/12,2.88
1/15/12,2.16
1/16/12,3.6
1/17/12,7.56
1/18/12,9.36
1/19/12,10.08
1/20/12,10.8
1/21/12,4.32
1/22/12,2.16
1/23/12,10.44
1/24/12,27
1/25/12,36
1/26/12,15.84
1/27/12,12.24
1/28/12,5.04
1/29/12,3.6
1/30/12,9
1/31/12,11.16
2/1/12,22.09
2/2/12,20.21
2/3/12,21.15
2/4/12,8.46
2/5/12,5.17
2/6/12,19.27
2/7/12,20.68
2/8/12,23.03
2/9/12,37.6
2/10/12,33.37
2/11/12,10.34
2/12/12,6.11
2/13/12,33.37
2/14/12,35.72
2/15/12,47
2/16/12,39.95
2/17/12,33.37
2/18/12,11.75
2/19/12,6.11
2/20/12,14.57
2/21/12,29.14
2/22/12,28.67
2/23/12,26.32
2/24/12,27.26
2/25/12,11.28
2/26/12,7.52
2/27/12,25.38
2/28/12,30.08
2/29/12,36.66
3/1/12,33.12
3/2/12,28.08
3/3/12,10.8
3/4/12,7.2
3/5/12,28.08
3/6/12,34.56
3/7/12,48.96
3/8/12,33.84
3/9/12,28.08
3/10/12,9.36
3/11/12,6.48
3/12/12,28.08
3/13/12,35.28
3/14/12,46.8
3/15/12,49.68
3/16/12,47.52
3/17/12,13.68
3/18/12,11.52
3/19/12,72
3/20/12,49.68
3/21/12,40.32
3/22/12,35.28
3/23/12,38.88
3/24/12,12.24
3/25/12,7.92
3/26/12,34.56
3/27/12,33.84
3/28/12,32.4
3/29/12,30.96
3/30/12,32.4
3/31/12,10.08
4/1/12,5.74
4/2/12,25.42
4/3/12,29.52
4/4/12,29.52
4/5/12,26.24
4/6/12,19.68
4/7/12,8.2
4/8/12,6.56
4/9/12,26.24
4/10/12,29.52
4/11/12,29.52
4/12/12,27.06
4/13/12,28.7
4/14/12,9.84
4/15/12,6.56
4/16/12,38.54
4/17/12,41
4/18/12,32.8
4/19/12,30.34
4/20/12,35.26
4/21/12,9.84
4/22/12,8.2
4/23/12,34.44
4/24/12,71.34
4/25/12,82
4/26/12,40.18
4/27/12,31.98
4/28/12,11.48
4/29/12,7.38
4/30/12,28.7
5/1/12,54.6
5/2/12,48.6
5/3/12,44.4
5/4/12,47.4
5/5/12,19.2
5/6/12,11.4
5/7/12,48
5/8/12,43.2
5/9/12,44.4
5/10/12,40.8
5/11/12,43.2
5/12/12,14.4
5/13/12,7.8
5/14/12,40.8
5/15/12,38.4
5/16/12,43.8
5/17/12,49.2
5/18/12,60
5/19/12,19.8
5/20/12,11.4
5/21/12,52.8
5/22/12,55.2
5/23/12,49.2
5/24/12,46.8
5/25/12,45
5/26/12,12.6
5/27/12,9
5/28/12,10.2
5/29/12,39.6
5/30/12,41.4
5/31/12,43.2
6/1/12,45
6/2/12,12
6/3/12,9.6
6/4/12,39.6
6/5/12,35.4
6/6/12,39
6/7/12,40.2
6/8/12,34.8
6/9/12,12.6
6/10/12,9.6
6/11/12,60
6/12/12,44.4
6/13/12,34.2
6/14/12,31.8
6/15/12,35.4
6/16/12,12
6/17/12,8.4
6/18/12,37.8
6/19/12,38.4
6/20/12,34.2
6/21/12,30
6/22/12,29.4
6/23/12,12
6/24/12,8.4
6/25/12,29.4
6/26/12,29.4
6/27/12,28.2
6/28/12,31.2
6/29/12,34.8
6/30/12,13.2
7/1/12,4.9
7/2/12,17.15
7/3/12,19.6
7/4/12,7.35
7/5/12,23.03
7/6/12,22.05
7/7/12,6.37
7/8/12,4.9
7/9/12,17.15
7/10/12,20.58
7/11/12,19.11
7/12/12,20.58
7/13/12,19.11
7/14/12,5.88
7/15/12,4.9
7/16/12,19.6
7/17/12,18.62
7/18/12,19.11
7/19/12,18.13
7/20/12,19.11
7/21/12,6.86
7/22/12,5.39
7/23/12,21.56
7/24/12,47.04
7/25/12,49
7/26/12,27.44
7/27/12,22.54
7/28/12,8.33
7/29/12,5.88
7/30/12,21.56
7/31/12,24.99
8/1/12,30.78
8/2/12,28.5
8/3/12,32.49
8/4/12,9.69
8/5/12,5.7
8/6/12,31.92
8/7/12,29.07
8/8/12,28.5
8/9/12,26.22
8/10/12,27.93
8/11/12,8.55
8/12/12,6.84
8/13/12,29.07
8/14/12,34.2
8/15/12,30.78
8/16/12,33.06
8/17/12,42.75
8/18/12,17.1
8/19/12,10.83
8/20/12,54.15
8/21/12,57
8/22/12,43.89
8/23/12,38.76
8/24/12,43.89
8/25/12,39.9
8/26/12,15.96
8/27/12,54.15
8/28/12,39.33
8/29/12,38.76
8/30/12,33.06
8/31/12,35.34
9/1/12,8.16
9/2/12,6.12
9/3/12,8.16
9/4/12,27.88
9/5/12,26.52
9/6/12,27.2
9/7/12,30.6
9/8/12,9.52
9/9/12,6.8
9/10/12,30.6
9/11/12,35.36
9/12/12,68
9/13/12,50.32
9/14/12,48.28
9/15/12,16.32
9/16/12,9.52
9/17/12,46.92
9/18/12,44.88
9/19/12,39.44
9/20/12,33.32
9/21/12,44.2
9/22/12,14.96
9/23/12,8.84
9/24/12,40.8
9/25/12,36.72
9/26/12,36.04
9/27/12,37.4
9/28/12,31.96
9/29/12,11.56
9/30/12,6.12
10/1/12,32.76
10/2/12,35.88
10/3/12,33.54
10/4/12,38.22
10/5/12,43.68
10/6/12,14.04
10/7/12,7.8
10/8/12,42.12
10/9/12,44.46
10/10/12,39.78
10/11/12,43.68
10/12/12,39
10/13/12,10.92
10/14/12,7.02
10/15/12,37.44
10/16/12,40.56
10/17/12,36.66
10/18/12,42.9
10/19/12,45.24
10/20/12,14.82
10/21/12,9.36
10/22/12,42.9
10/23/12,69.42
10/24/12,56.16
10/25/12,78
10/26/12,72.54
10/27/12,15.6
10/28/12,7.8
10/29/12,24.18
10/30/12,23.4
10/31/12,49.14
11/1/12,49.7
11/2/12,51.1
11/3/12,17.5
11/4/12,11.2
11/5/12,51.8
11/6/12,44.8
11/7/12,55.3
11/8/12,70
11/9/12,60.9
11/10/12,17.5
11/11/12,11.2
11/12/12,46.9
11/13/12,47.6
11/14/12,43.4
11/15/12,53.9
11/16/12,59.5
11/17/12,16.1
11/18/12,11.2
11/19/12,56.7
11/20/12,54.6
11/21/12,39.2
11/22/12,16.8
11/23/12,32.9
11/24/12,14.7
11/25/12,11.2
11/26/12,46.9
11/27/12,50.4
11/28/12,46.2
11/29/12,42.7
11/30/12,41.3
12/1/12,12.92
12/2/12,7.48
12/3/12,38.76
12/4/12,36.72
12/5/12,64.6
12/6/12,68
12/7/12,57.8
12/8/12,20.4
12/9/12,9.52
12/10/12,47.6
12/11/12,46.92
12/12/12,44.88
12/13/12,44.2
12/14/12,55.76
12/15/12,19.72
12/16/12,12.24
12/17/12,66.64
12/18/12,60.52
12/19/12,49.64
12/20/12,45.56
12/21/12,44.2
12/22/12,17.68
12/23/12,8.16
12/24/12,29.24
12/25/12,12.24
12/26/12,33.32
12/27/12,37.4
12/28/12,39.44
12/29/12,12.92
12/30/12,10.88
12/31/12,38.76
1/1/13,12
1/2/13,35
1/3/13,31
1/4/13,28
1/5/13,10
1/6/13,6
1/7/13,23
1/8/13,23
1/9/13,25
1/10/13,26
1/11/13,25
1/12/13,8
1/13/13,6
1/14/13,39
1/15/13,46
1/16/13,43
1/17/13,36
1/18/13,33
1/19/13,13
1/20/13,8
1/21/13,13
1/22/13,33
1/23/13,73
1/24/13,100
1/25/13,75
1/26/13,23
1/27/13,11
1/28/13,42
1/29/13,43
1/30/13,39
1/31/13,35
2/1/13,62.3
2/2/13,23.1
2/3/13,13.3
2/4/13,51.1
2/5/13,56.7
2/6/13,51.8
2/7/13,58.8
2/8/13,70
2/9/13,21
2/10/13,11.9
2/11/13,58.1
2/12/13,60.2
2/13/13,55.3
2/14/13,49
2/15/13,49
2/16/13,14.7
2/17/13,9.8
2/18/13,22.4
2/19/13,48.3
2/20/13,46.2
2/21/13,41.3
2/22/13,42.7
2/23/13,15.4
2/24/13,10.5
2/25/13,36.4
2/26/13,45.5
2/27/13,55.3
2/28/13,45.5
3/1/13,46.62
3/2/13,18.27
3/3/13,9.45
3/4/13,53.55
3/5/13,63
3/6/13,51.66
3/7/13,46.62
3/8/13,46.62
3/9/13,15.12
3/10/13,10.08
3/11/13,45.36
3/12/13,45.99
3/13/13,44.73
3/14/13,44.73
3/15/13,51.66
3/16/13,15.75
3/17/13,11.34
3/18/13,51.03
3/19/13,50.4
3/20/13,45.36
3/21/13,37.8
3/22/13,45.36
3/23/13,15.12
3/24/13,7.56
3/25/13,45.36
3/26/13,45.99
3/27/13,38.43
3/28/13,40.95
3/29/13,28.35
3/30/13,8.82
3/31/13,9.45
4/1/13,26.52
4/2/13,28.08
4/3/13,24.18
4/4/13,22.62
4/5/13,24.18
4/6/13,7.8
4/7/13,7.02
4/8/13,21.84
4/9/13,22.62
4/10/13,24.18
4/11/13,24.18
4/12/13,21.84
4/13/13,7.02
4/14/13,4.68
4/15/13,21.06
4/16/13,21.84
4/17/13,41.34
4/18/13,43.68
4/19/13,38.22
4/20/13,11.7
4/21/13,8.58
4/22/13,39.78
4/23/13,78
4/24/13,70.2
4/25/13,39
4/26/13,32.76
4/27/13,10.14
4/28/13,7.02
4/29/13,33.54
4/30/13,42.12
5/1/13,70
5/2/13,63
5/3/13,67.2
5/4/13,19.6
5/5/13,12.6
5/6/13,63.7
5/7/13,69.3
5/8/13,63
5/9/13,61.6
5/10/13,53.9
5/11/13,14
5/12/13,10.5
5/13/13,46.2
5/14/13,58.1
5/15/13,65.8
5/16/13,61.6
5/17/13,50.4
5/18/13,13.3
5/19/13,11.2
5/20/13,51.1
5/21/13,58.1
5/22/13,51.1
5/23/13,46.9
5/24/13,42
5/25/13,14.7
5/26/13,9.1
5/27/13,11.2
5/28/13,51.1
5/29/13,45.5
5/30/13,44.1
5/31/13,45.5
6/1/13,9
6/2/13,5.5
6/3/13,26
6/4/13,27
6/5/13,26
6/6/13,24
6/7/13,26.5
6/8/13,8
6/9/13,6.5
6/10/13,50
6/11/13,37
6/12/13,27.5
6/13/13,22.5
6/14/13,23
6/15/13,8
6/16/13,5.5
6/17/13,22
6/18/13,21
6/19/13,24
6/20/13,25.5
6/21/13,25
6/22/13,7
6/23/13,5
6/24/13,28.5
6/25/13,27.5
6/26/13,26.5
6/27/13,25.5
6/28/13,28
6/29/13,7
6/30/13,6
7/1/13,24.94
7/2/13,27.84
7/3/13,22.62
7/4/13,6.96
7/5/13,20.3
7/6/13,6.96
7/7/13,4.06
7/8/13,19.72
7/9/13,21.46
7/10/13,24.94
7/11/13,23.78
7/12/13,22.04
7/13/13,6.96
7/14/13,4.64
7/15/13,21.46
7/16/13,20.3
7/17/13,22.62
7/18/13,23.78
7/19/13,22.62
7/20/13,6.96
7/21/13,4.64
7/22/13,23.2
7/23/13,49.3
7/24/13,58
7/25/13,33.64
7/26/13,26.1
7/27/13,8.12
7/28/13,4.64
7/29/13,24.36
7/30/13,29.58
7/31/13,25.52
8/1/13,27.47
8/2/13,29.48
8/3/13,10.05
8/4/13,8.71
8/5/13,34.84
8/6/13,28.81
8/7/13,28.14
8/8/13,25.46
8/9/13,26.13
8/10/13,8.71
8/11/13,5.36
8/12/13,28.14
8/13/13,48.91
8/14/13,67
8/15/13,52.26
8/16/13,38.19
8/17/13,11.39
8/18/13,8.04
8/19/13,40.87
8/20/13,38.86
8/21/13,34.84
8/22/13,36.85
8/23/13,30.82
8/24/13,10.72
8/25/13,6.7
8/26/13,31.49
8/27/13,32.16
8/28/13,29.48
8/29/13,26.8
8/30/13,24.79
8/31/13,7.37
9/1/13,4.62
9/2/13,6.93
9/3/13,27.72
9/4/13,30.03
9/5/13,26.95
9/6/13,27.72
9/7/13,8.47
9/8/13,7.7
9/9/13,35.42
9/10/13,77
9/11/13,74.69
9/12/13,51.59
9/13/13,35.42
9/14/13,11.55
9/15/13,6.93
9/16/13,36.19
9/17/13,36.19
9/18/13,36.96
9/19/13,39.27
9/20/13,40.81
9/21/13,12.32
9/22/13,9.24
9/23/13,56.21
9/24/13,46.2
9/25/13,33.88
9/26/13,31.57
9/27/13,26.95
9/28/13,8.47
9/29/13,6.16
9/30/13,29.26
10/1/13,34
10/2/13,30.6
10/3/13,27.2
10/4/13,24.48
10/5/13,8.16
10/6/13,5.44
10/7/13,27.88
10/8/13,27.88
10/9/13,28.56
10/10/13,28.56
10/11/13,25.16
10/12/13,6.8
10/13/13,4.76
10/14/13,25.16
10/15/13,30.6
10/16/13,30.6
10/17/13,33.32
10/18/13,36.04
10/19/13,10.2
10/20/13,7.48
10/21/13,38.08
10/22/13,61.88
10/23/13,42.84
10/24/13,40.8
10/25/13,36.04
10/26/13,11.56
10/27/13,8.16
10/28/13,68
10/29/13,62.56
10/30/13,37.4
10/31/13,28.56
11/1/13,46
11/2/13,13.34
11/3/13,8.74
11/4/13,42.78
11/5/13,45.08
11/6/13,43.7
11/7/13,42.32
11/8/13,39.1
11/9/13,14.26
11/10/13,10.58
11/11/13,38.18
11/12/13,40.48
11/13/13,37.72
11/14/13,39.1
11/15/13,40.02
11/16/13,11.5
11/17/13,8.74
11/18/13,39.1
11/19/13,34.96
11/20/13,32.66
11/21/13,35.88
11/22/13,36.34
11/23/13,10.58
11/24/13,7.82
11/25/13,30.82
11/26/13,35.88
11/27/13,43.24
11/28/13,19.32
11/29/13,39.1
11/30/13,16.1
12/1/13,8.48
12/2/13,27.56
12/3/13,33.39
12/4/13,34.45
12/5/13,43.46
12/6/13,35.51
12/7/13,9.54
12/8/13,6.89
12/9/13,28.09
12/10/13,27.03
12/11/13,27.56
12/12/13,24.91
12/13/13,24.38
12/14/13,7.95
12/15/13,6.36
12/16/13,25.44
12/17/13,24.91
12/18/13,29.15
12/19/13,25.97
12/20/13,26.5
12/21/13,8.48
12/22/13,10.07
12/23/13,53
12/24/13,34.45
12/25/13,10.07
12/26/13,25.44
12/27/13,27.03
12/28/13,9.54
12/29/13,6.89
12/30/13,23.85
12/31/13,25.44
1/1/14,5.4
1/2/14,14.58
1/3/14,16.2
1/4/14,5.94
1/5/14,3.24
1/6/14,15.12
1/7/14,14.58
1/8/14,14.04
1/9/14,14.58
1/10/14,14.04
1/11/14,4.86
1/12/14,3.24
1/13/14,14.04
1/14/14,15.66
1/15/14,18.9
1/16/14,17.28
1/17/14,18.36
1/18/14,5.94
1/19/14,3.24
1/20/14,8.64
1/21/14,16.74
1/22/14,16.74
1/23/14,16.2
1/24/14,18.36
1/25/14,6.48
1/26/14,3.78
1/27/14,34.56
1/28/14,54
1/29/14,31.86
1/30/14,22.14
1/31/14,20.52
2/1/14,12.04
2/2/14,9.89
2/3/14,32.68
2/4/14,37.41
2/5/14,30.1
2/6/14,30.96
2/7/14,43
2/8/14,11.61
2/9/14,8.17
2/10/14,34.4
2/11/14,33.54
2/12/14,31.82
2/13/14,33.11
2/14/14,31.39
2/15/14,11.61
2/16/14,6.45
2/17/14,14.62
2/18/14,29.24
2/19/14,29.67
2/20/14,30.96
2/21/14,28.38
2/22/14,9.03
2/23/14,6.45
2/24/14,28.38
2/25/14,26.66
2/26/14,27.52
2/27/14,30.1
2/28/14,30.96
3/1/14,11.52
3/2/14,7.68
3/3/14,32
3/4/14,31.04
3/5/14,28.8
3/6/14,27.2
3/7/14,27.2
3/8/14,7.68
3/9/14,6.4
3/10/14,24.96
3/11/14,27.84
3/12/14,25.28
3/13/14,24.32
3/14/14,25.6
3/15/14,7.68
3/16/14,5.44
3/17/14,26.88
3/18/14,26.56
3/19/14,24.96
3/20/14,25.92
3/21/14,22.4
3/22/14,6.4
3/23/14,4.8
3/24/14,27.84
3/25/14,28.48
3/26/14,28.48
3/27/14,25.92
3/28/14,24.64
3/29/14,6.4
3/30/14,6.08
3/31/14,25.28
4/1/14,9.66
4/2/14,8.74
4/3/14,9.2
4/4/14,8.74
4/5/14,3.22
4/6/14,2.3
4/7/14,9.2
4/8/14,9.66
4/9/14,8.74
4/10/14,9.66
4/11/14,8.74
4/12/14,2.76
4/13/14,2.3
4/14/14,8.74
4/15/14,8.28
4/16/14,9.2
4/17/14,9.2
4/18/14,5.98
4/19/14,2.3
4/20/14,1.84
4/21/14,10.12
4/22/14,11.04
4/23/14,28.98
4/24/14,46
4/25/14,23
4/26/14,6.9
4/27/14,4.6
4/28/14,18.4
4/29/14,18.86
4/30/14,17.94
5/1/14,35.77
5/2/14,31.85
5/3/14,12.25
5/4/14,6.86
5/5/14,33.32
5/6/14,36.26
5/7/14,30.38
5/8/14,31.36
5/9/14,40.67
5/10/14,10.78
5/11/14,7.35
5/12/14,30.87
5/13/14,31.85
5/14/14,26.95
5/15/14,28.91
5/16/14,25.48
5/17/14,10.29
5/18/14,6.86
5/19/14,28.91
5/20/14,32.34
5/21/14,32.34
5/22/14,28.42
5/23/14,31.36
5/24/14,11.27
5/25/14,8.82
5/26/14,8.82
5/27/14,34.79
5/28/14,45.08
5/29/14,46.55
5/30/14,49
5/31/14,14.7
6/1/14,6.03
6/2/14,44.22
6/3/14,34.17
6/4/14,31.49
6/5/14,28.81
6/6/14,32.83
6/7/14,15.41
6/8/14,12.06
6/9/14,67
6/10/14,47.57
6/11/14,40.87
6/12/14,33.5
6/13/14,33.5
6/14/14,10.72
6/15/14,7.37
6/16/14,28.14
6/17/14,26.8
6/18/14,26.13
6/19/14,24.79
6/20/14,24.79
6/21/14,9.38
6/22/14,5.36
6/23/14,22.11
6/24/14,22.78
6/25/14,22.78
6/26/14,21.44
6/27/14,22.11
6/28/14,7.37
6/29/14,6.03
6/30/14,23.45
7/1/14,25.65
7/2/14,24.51
7/3/14,25.08
7/4/14,7.41
7/5/14,5.13
7/6/14,4.56
7/7/14,25.08
7/8/14,26.79
7/9/14,24.51
7/10/14,21.66
7/11/14,22.23
7/12/14,7.41
7/13/14,5.13
7/14/14,25.65
7/15/14,27.36
7/16/14,34.77
7/17/14,26.22
7/18/14,23.37
7/19/14,7.98
7/20/14,5.13
7/21/14,25.65
7/22/14,57
7/23/14,54.72
7/24/14,30.21
7/25/14,27.93
7/26/14,9.12
7/27/14,6.27
7/28/14,26.79
7/29/14,30.21
7/30/14,25.65
7/31/14,24.51
8/1/14,35.19
8/2/14,9.69
8/3/14,7.65
8/4/14,30.6
8/5/14,34.68
8/6/14,32.13
8/7/14,33.15
8/8/14,31.11
8/9/14,9.18
8/10/14,7.14
8/11/14,28.05
8/12/14,28.05
8/13/14,29.07
8/14/14,29.07
8/15/14,28.05
8/16/14,9.69
8/17/14,6.63
8/18/14,33.66
8/19/14,51
8/20/14,44.88
8/21/14,38.76
8/22/14,39.78
8/23/14,11.73
8/24/14,8.16
8/25/14,36.72
8/26/14,35.7
8/27/14,37.23
8/28/14,39.27
8/29/14,36.72
8/30/14,12.24
8/31/14,8.16
9/1/14,5.53
9/2/14,19.75
9/3/14,30.02
9/4/14,31.6
9/5/14,25.28
9/6/14,7.9
9/7/14,4.74
9/8/14,25.28
9/9/14,79
9/10/14,46.61
9/11/14,30.81
9/12/14,27.65
9/13/14,10.27
9/14/14,5.53
9/15/14,26.07
9/16/14,24.49
9/17/14,22.12
9/18/14,22.12
9/19/14,23.7
9/20/14,7.11
9/21/14,3.95
9/22/14,22.91
9/23/14,18.96
9/24/14,21.33
9/25/14,27.65
9/26/14,24.49
9/27/14,6.32
9/28/14,4.74
9/29/14,17.38
9/30/14,18.17
10/1/14,30
10/2/14,30
10/3/14,28.2
10/4/14,8.4
10/5/14,6.6
10/6/14,27.6
10/7/14,27.6
10/8/14,28.8
10/9/14,36.6
10/10/14,29.4
10/11/14,6.6
10/12/14,5.4
10/13/14,27
10/14/14,27.6
10/15/14,33
10/16/14,40.2
10/17/14,32.4
10/18/14,9.6
10/19/14,5.4
10/20/14,60
10/21/14,60
10/22/14,39.6
10/23/14,39.6
10/24/14,37.8
10/25/14,10.8
10/26/14,7.2
10/27/14,28.2
10/28/14,36
10/29/14,30.6
10/30/14,39
10/31/14,33.6
11/1/14,13.34
11/2/14,10.12
11/3/14,41.86
11/4/14,42.32
11/5/14,37.26
11/6/14,38.64
11/7/14,35.88
11/8/14,12.88
11/9/14,7.82
11/10/14,31.74
11/11/14,32.2
11/12/14,38.64
11/13/14,40.48
11/14/14,42.78
11/15/14,13.34
11/16/14,6.9
11/17/14,35.88
11/18/14,40.02
11/19/14,40.02
11/20/14,40.02
11/21/14,39.56
11/22/14,12.88
11/23/14,7.82
11/24/14,36.8
11/25/14,46
11/26/14,40.48
11/27/14,15.18
11/28/14,26.68
11/29/14,11.5
11/30/14,5.98
12/1/14,45
12/2/14,44.55
12/3/14,42.3
12/4/14,38.7
12/5/14,35.1
12/6/14,11.25
12/7/14,9.45
12/8/14,38.7
12/9/14,39.6
12/10/14,37.35
12/11/14,35.55
12/12/14,34.65
12/13/14,12.6
12/14/14,7.65
12/15/14,35.1
12/16/14,38.7
12/17/14,38.7
12/18/14,40.5
12/19/14,40.5
12/20/14,12.6
12/21/14,7.2
12/22/14,32.85
12/23/14,36
12/24/14,29.7
12/25/14,9
12/26/14,27
12/27/14,12.15
12/28/14,8.55
12/29/14,31.05
12/30/14,35.1
12/31/14,29.7
1/1/15,4
1/2/15,11.5
1/3/15,3.5
1/4/15,2
1/5/15,14
1/6/15,13
1/7/15,12.5
1/8/15,13.5
1/9/15,14
1/10/15,4
1/11/15,2.5
1/12/15,11.5
1/13/15,12.5
1/14/15,13
1/15/15,11.5
1/16/15,12.5
1/17/15,4.5
1/18/15,2.5
1/19/15,5.5
1/20/15,13
1/21/15,13.5
1/22/15,15
1/23/15,14.5
1/24/15,5
1/25/15,2.5
1/26/15,14.5
1/27/15,38.5
1/28/15,50
1/29/15,26.5
1/30/15,22
1/31/15,6.5
2/1/15,7.42
2/2/15,36.04
2/3/15,40.28
2/4/15,40.28
2/5/15,35.51
2/6/15,38.16
2/7/15,12.19
2/8/15,7.95
2/9/15,30.21
2/10/15,37.63
2/11/15,51.41
2/12/15,53
2/13/15,49.82
2/14/15,16.96
2/15/15,10.07
2/16/15,21.2
2/17/15,48.23
2/18/15,43.99
2/19/15,39.22
2/20/15,41.87
2/21/15,17.49
2/22/15,9.01
2/23/15,46.11
2/24/15,51.94
2/25/15,47.17
2/26/15,50.88
2/27/15,40.81
2/28/15,13.25
3/1/15,6.12
3/2/15,27.54
3/3/15,27.03
3/4/15,25.5
3/5/15,24.48
3/6/15,33.15
3/7/15,9.69
3/8/15,7.65
3/9/15,51
3/10/15,38.25
3/11/15,33.66
3/12/15,28.05
3/13/15,28.56
3/14/15,9.18
3/15/15,5.1
3/16/15,23.46
3/17/15,27.03
3/18/15,27.03
3/19/15,24.99
3/20/15,27.03
3/21/15,9.18
3/22/15,6.12
3/23/15,23.46
3/24/15,23.46
3/25/15,18.87
3/26/15,26.01
3/27/15,20.91
3/28/15,7.65
3/29/15,4.08
3/30/15,22.95
3/31/15,21.93
4/1/15,13.5
4/2/15,13.5
4/3/15,9.5
4/4/15,3
4/5/15,2.5
4/6/15,14
4/7/15,15
4/8/15,13.5
4/9/15,14
4/10/15,18.5
4/11/15,6
4/12/15,4
4/13/15,18
4/14/15,15
4/15/15,15
4/16/15,14.5
4/17/15,15
4/18/15,5
4/19/15,2.5
4/20/15,16.5
4/21/15,15.5
4/22/15,14
4/23/15,18
4/24/15,22
4/25/15,7
4/26/15,5
4/27/15,50
4/28/15,47
4/29/15,25
4/30/15,24
5/1/15,44
5/2/15,13.64
5/3/15,7.92
5/4/15,40.04
5/5/15,38.72
5/6/15,39.16
5/7/15,37.4
5/8/15,38.28
5/9/15,11.88
5/10/15,8.8
5/11/15,34.76
5/12/15,31.68
5/13/15,32.56
5/14/15,35.64
5/15/15,33.44
5/16/15,8.8
5/17/15,7.48
5/18/15,36.52
5/19/15,40.04
5/20/15,34.32
5/21/15,32.56
5/22/15,37.4
5/23/15,12.76
5/24/15,7.04
5/25/15,9.24
5/26/15,37.4
5/27/15,35.2
5/28/15,34.32
5/29/15,29.48
5/30/15,9.24
5/31/15,6.6
6/1/15,31.54
6/2/15,33.06
6/3/15,33.06
6/4/15,31.16
6/5/15,30.78
6/6/15,9.88
6/7/15,6.08
6/8/15,38
6/9/15,35.34
6/10/15,33.82
6/11/15,30.4
6/12/15,28.88
6/13/15,9.12
6/14/15,6.46
6/15/15,28.88
6/16/15,26.98
6/17/15,28.12
6/18/15,29.64
6/19/15,26.98
6/20/15,6.46
6/21/15,6.84
6/22/15,27.74
6/23/15,27.36
6/24/15,32.68
6/25/15,32.3
6/26/15,26.98
6/27/15,7.6
6/28/15,6.84
6/29/15,34.96
6/30/15,35.34
7/1/15,13.75
7/2/15,11
7/3/15,6.05
7/4/15,1.65
7/5/15,2.2
7/6/15,13.2
7/7/15,14.3
7/8/15,15.95
7/9/15,19.25
7/10/15,18.15
7/11/15,4.95
7/12/15,2.75
7/13/15,17.05
7/14/15,17.6
7/15/15,15.4
7/16/15,16.5
7/17/15,19.25
7/18/15,7.15
7/19/15,3.85
7/20/15,22.55
7/21/15,51.7
7/22/15,55
7/23/15,27.5
7/24/15,19.8
7/25/15,5.5
7/26/15,2.75
7/27/15,18.15
7/28/15,15.95
7/29/15,15.95
7/30/15,14.85
7/31/15,15.4
8/1/15,6.03
8/2/15,4.02
8/3/15,24.12
8/4/15,38.86
8/5/15,34.84
8/6/15,28.14
8/7/15,24.12
8/8/15,7.37
8/9/15,4.69
8/10/15,25.46
8/11/15,31.49
8/12/15,32.83
8/13/15,25.46
8/14/15,22.78
8/15/15,6.03
8/16/15,4.02
8/17/15,22.11
8/18/15,19.43
8/19/15,18.76
8/20/15,21.44
8/21/15,34.17
8/22/15,12.73
8/23/15,7.37
8/24/15,67
8/25/15,56.95
8/26/15,40.2
8/27/15,39.53
8/28/15,30.15
8/29/15,8.04
8/30/15,4.69
8/31/15,23.45
9/1/15,30.74
9/2/15,28.62
9/3/15,25.97
9/4/15,22.26
9/5/15,7.42
9/6/15,4.77
9/7/15,6.36
9/8/15,26.5
9/9/15,53
9/10/15,35.51
9/11/15,25.44
9/12/15,8.48
9/13/15,6.36
9/14/15,27.03
9/15/15,24.38
9/16/15,24.38
9/17/15,25.44
9/18/15,22.26
9/19/15,6.36
9/20/15,3.71
9/21/15,21.2
9/22/15,21.73
9/23/15,19.61
9/24/15,18.55
9/25/15,19.08
9/26/15,6.36
9/27/15,4.77
9/28/15,20.67
9/29/15,22.79
9/30/15,22.79
10/1/15,17.39
10/2/15,15.51
10/3/15,4.7
10/4/15,3.29
10/5/15,16.92
10/6/15,15.98
10/7/15,14.1
10/8/15,14.57
10/9/15,14.1
10/10/15,4.23
10/11/15,2.82
10/12/15,13.63
10/13/15,15.04
10/14/15,13.63
10/15/15,14.57
10/16/15,13.63
10/17/15,3.76
10/18/15,3.29
10/19/15,13.63
10/20/15,14.1
10/21/15,15.04
10/22/15,15.98
10/23/15,19.27
10/24/15,6.58
10/25/15,4.7
10/26/15,19.27
10/27/15,47
10/28/15,41.36
10/29/15,23.97
10/30/15,21.15
10/31/15,5.17
11/1/15,5.6
11/2/15,31.5
11/3/15,35
11/4/15,32.55
11/5/15,29.75
11/6/15,28.35
11/7/15,8.05
11/8/15,4.55
11/9/15,26.25
11/10/15,32.55
11/11/15,30.45
11/12/15,27.65
11/13/15,24.5
11/14/15,8.75
11/15/15,4.55
11/16/15,25.2
11/17/15,24.15
11/18/15,28
11/19/15,28.7
11/20/15,28.35
11/21/15,8.75
11/22/15,5.6
11/23/15,24.5
11/24/15,24.85
11/25/15,24.15
11/26/15,6.65
11/27/15,15.05
11/28/15,7.35
11/29/15,4.9
11/30/15,21.35
12/1/15,24.64
12/2/15,24
12/3/15,23.36
12/4/15,25.28
12/5/15,9.6
12/6/15,6.08
12/7/15,24.96
12/8/15,23.68
12/9/15,25.6
12/10/15,24.64
12/11/15,24.32
12/12/15,6.72
12/13/15,5.12
12/14/15,25.6
12/15/15,26.88
12/16/15,32
12/17/15,30.08
12/18/15,31.36
12/19/15,8.64
12/20/15,7.36
12/21/15,30.72
12/22/15,29.44
12/23/15,25.28
12/24/15,21.44
12/25/15,8
12/26/15,6.4
12/27/15,6.4
12/28/15,23.36
12/29/15,25.28
12/30/15,23.04
12/31/15,25.6
1/1/16,3.54
1/2/16,2.95
1/3/16,3.54
1/4/16,18.88
1/5/16,23.01
1/6/16,28.91
1/7/16,35.4
1/8/16,32.45
1/9/16,6.49
1/10/16,4.13
1/11/16,23.01
1/12/16,23.6
1/13/16,23.01
1/14/16,20.65
1/15/16,24.78
1/16/16,5.9
1/17/16,2.95
1/18/16,7.67
1/19/16,18.29
1/20/16,24.78
1/21/16,21.83
1/22/16,24.78
1/23/16,7.08
1/24/16,4.13
1/25/16,22.42
1/26/16,52.51
1/27/16,59
1/28/16,34.81
1/29/16,27.14
1/30/16,8.26
1/31/16,4.13
2/1/16,37.6
2/2/16,39.2
2/3/16,36.4
2/4/16,37.6
2/5/16,33.2
2/6/16,9.2
2/7/16,5.6
2/8/16,31.6
2/9/16,32.4
2/10/16,30.4
2/11/16,30.4
2/12/16,31.2
2/13/16,8.4
2/14/16,4.8
2/15/16,13.2
2/16/16,32.8
2/17/16,40
2/18/16,31.6
2/19/16,27.6
2/20/16,7.2
2/21/16,3.6
2/22/16,28
2/23/16,27.2
2/24/16,26.4
2/25/16,28
2/26/16,26.8
2/27/16,8.8
2/28/16,4.4
2/29/16,24
3/1/16,27.6
3/2/16,23.2
3/3/16,25.2
3/4/16,24.4
3/5/16,6
3/6/16,4.4
3/7/16,23.6
3/8/16,21.6
3/9/16,20.8
3/10/16,19.2
3/11/16,20.4
3/12/16,5.2
3/13/16,3.2
3/14/16,19.6
3/15/16,24.8
3/16/16,24
3/17/16,23.6
3/18/16,22.8
3/19/16,5.2
3/20/16,4.8
3/21/16,40
3/22/16,29.6
3/23/16,22.8
3/24/16,20.4
3/25/16,10.8
3/26/16,4.4
3/27/16,2.8
3/28/16,20
3/29/16,25.2
3/30/16,30.8
3/31/16,24.8
4/1/16,13.23
4/2/16,3.92
4/3/16,1.96
4/4/16,15.19
4/5/16,15.19
4/6/16,14.7
4/7/16,13.23
4/8/16,12.25
4/9/16,2.94
4/10/16,2.45
4/11/16,13.72
4/12/16,13.23
4/13/16,14.21
4/14/16,13.72
4/15/16,13.72
4/16/16,3.92
4/17/16,2.45
4/18/16,14.21
4/19/16,15.19
4/20/16,12.74
4/21/16,13.23
4/22/16,12.25
4/23/16,3.43
4/24/16,2.94
4/25/16,15.19
4/26/16,47.53
4/27/16,49
4/28/16,32.34
4/29/16,27.93
4/30/16,6.37
5/1/16,6.89
5/2/16,35.51
5/3/16,41.34
5/4/16,32.33
5/5/16,28.62
5/6/16,29.15
5/7/16,7.95
5/8/16,4.77
5/9/16,27.03
5/10/16,30.74
5/11/16,26.5
5/12/16,39.22
5/13/16,39.22
5/14/16,8.48
5/15/16,4.77
5/16/16,53
5/17/16,41.34
5/18/16,33.39
5/19/16,29.15
5/20/16,28.09
5/21/16,6.89
5/22/16,5.3
5/23/16,27.56
5/24/16,33.92
5/25/16,37.63
5/26/16,35.51
5/27/16,30.74
5/28/16,7.42
5/29/16,4.24
5/30/16,4.77
5/31/16,28.62
6/1/16,20.35
6/2/16,19.98
6/3/16,18.87
6/4/16,4.07
6/5/16,3.33
6/6/16,19.98
6/7/16,21.09
6/8/16,18.87
6/9/16,17.39
6/10/16,18.13
6/11/16,4.81
6/12/16,2.96
6/13/16,22.57
6/14/16,17.76
6/15/16,16.65
6/16/16,16.65
6/17/16,19.24
6/18/16,4.81
6/19/16,3.33
6/20/16,19.61
6/21/16,17.02
6/22/16,15.91
6/23/16,17.02
6/24/16,37
6/25/16,6.66
6/26/16,3.33
6/27/16,23.31
6/28/16,21.83
6/29/16,20.72
6/30/16,19.24
7/1/16,10.25
7/2/16,2.46
7/3/16,1.23
7/4/16,2.05
7/5/16,9.84
7/6/16,9.84
7/7/16,9.02
7/8/16,10.25
7/9/16,2.46
7/10/16,1.64
7/11/16,10.25
7/12/16,10.66
7/13/16,10.25
7/14/16,10.66
7/15/16,10.25
7/16/16,2.46
7/17/16,2.05
7/18/16,11.89
7/19/16,11.48
7/20/16,12.3
7/21/16,11.89
7/22/16,11.48
7/23/16,2.87
7/24/16,2.05
7/25/16,12.71
7/26/16,36.08
7/27/16,41
7/28/16,19.68
7/29/16,13.53
7/30/16,3.69
7/31/16,1.64
8/1/16,27
8/2/16,27.36
8/3/16,25.92
8/4/16,25.56
8/5/16,26.28
8/6/16,7.2
8/7/16,4.68
8/8/16,26.64
8/9/16,28.8
8/10/16,25.56
8/11/16,24.84
8/12/16,22.32
8/13/16,5.04
8/14/16,3.24
8/15/16,25.92
8/16/16,27
8/17/16,23.04
8/18/16,19.8
8/19/16,19.8
8/20/16,6.48
8/21/16,4.32
8/22/16,20.88
8/23/16,21.24
8/24/16,20.52
8/25/16,19.8
8/26/16,18.36
8/27/16,4.68
8/28/16,3.6
8/29/16,19.8
8/30/16,36
8/31/16,19.44
9/1/16,15.54
9/2/16,16.8
9/3/16,3.78
9/4/16,2.1
9/5/16,3.78
9/6/16,18.06
9/7/16,42
9/8/16,30.66
9/9/16,23.1
9/10/16,7.14
9/11/16,4.2
9/12/16,19.32
9/13/16,24.36
9/14/16,32.34
9/15/16,38.22
9/16/16,34.44
9/17/16,7.56
9/18/16,3.78
9/19/16,23.1
9/20/16,19.74
9/21/16,21.42
9/22/16,20.58
9/23/16,22.26
9/24/16,5.46
9/25/16,3.36
9/26/16,18.9
9/27/16,18.06
9/28/16,17.22
9/29/16,18.48
9/30/16,16.38
10/1/16,2.73
10/2/16,2.34
10/3/16,10.92
10/4/16,10.53
10/5/16,11.31
10/6/16,11.7
10/7/16,9.75
10/8/16,2.34
10/9/16,1.56
10/10/16,14.43
10/11/16,21.45
10/12/16,16.38
10/13/16,14.82
10/14/16,12.48
10/15/16,3.51
10/16/16,2.34
10/17/16,12.87
10/18/16,12.09
10/19/16,12.87
10/20/16,11.31
10/21/16,11.7
10/22/16,3.12
10/23/16,2.34
10/24/16,14.04
10/25/16,39
10/26/16,35.49
10/27/16,21.84
10/28/16,16.77
10/29/16,3.51
10/30/16,2.34
10/31/16,12.09
11/1/16,17.69
11/2/16,16.82
11/3/16,15.37
11/4/16,14.79
11/5/16,4.64
11/6/16,2.9
11/7/16,17.69
11/8/16,15.66
11/9/16,29
11/10/16,22.33
11/11/16,17.11
11/12/16,3.77
11/13/16,3.19
11/14/16,19.72
11/15/16,18.56
11/16/16,17.98
11/17/16,17.69
11/18/16,15.66
11/19/16,4.35
11/20/16,3.19
11/21/16,15.66
11/22/16,17.11
11/23/16,14.21
11/24/16,4.06
11/25/16,10.44
11/26/16,3.19
11/27/16,3.48
11/28/16,11.89
11/29/16,14.79
11/30/16,13.92
12/1/16,16.8
12/2/16,16.08
12/3/16,4.8
12/4/16,3.84
12/5/16,16.56
12/6/16,17.76
12/7/16,20.16
12/8/16,20.16
12/9/16,20.64
12/10/16,5.76
12/11/16,3.36
12/12/16,18.24
12/13/16,21.84
12/14/16,24
12/15/16,22.32
12/16/16,19.2
12/17/16,6
12/18/16,3.6
12/19/16,19.92
12/20/16,21.36
12/21/16,19.68
12/22/16,17.28
12/23/16,14.88
12/24/16,5.28
12/25/16,2.88
12/26/16,6
12/27/16,17.52
12/28/16,17.76
12/29/16,16.32
12/30/16,14.64
12/31/16,5.76
1/1/17,0.9
1/2/17,2.1
1/3/17,6.3
1/4/17,6.6
1/5/17,6.6
1/6/17,7.2
1/7/17,2.7
1/8/17,1.5
1/9/17,7.8
1/10/17,7.8
1/11/17,7.8
1/12/17,7.2
1/13/17,6.3
1/14/17,1.5
1/15/17,0.9
1/16/17,2.4
1/17/17,7.2
1/18/17,7.8
1/19/17,7.2
1/20/17,6.9
1/21/17,1.8
1/22/17,1.2
1/23/17,7.2
1/24/17,6.9
1/25/17,9
1/26/17,8.4
1/27/17,7.8
1/28/17,3
1/29/17,2.1
1/30/17,9.6
1/31/17,30
2/1/17,43
2/2/17,18.92
2/3/17,12.04
2/4/17,3.87
2/5/17,1.72
2/6/17,10.32
2/7/17,12.04
2/8/17,11.18
2/9/17,11.61
2/10/17,10.32
2/11/17,3.01
2/12/17,2.15
2/13/17,12.47
2/14/17,15.05
2/15/17,15.48
2/16/17,12.47
2/17/17,10.75
2/18/17,3.01
2/19/17,1.29
2/20/17,4.3
2/21/17,11.61
2/22/17,10.32
2/23/17,10.75
2/24/17,9.46
2/25/17,3.01
2/26/17,1.72
2/27/17,9.46
2/28/17,11.18
3/1/17,33
3/2/17,29.04
3/3/17,24.42
3/4/17,5.28
3/5/17,2.97
3/6/17,21.78
3/7/17,20.79
3/8/17,19.8
3/9/17,18.15
3/10/17,19.14
3/11/17,5.28
3/12/17,3.3
3/13/17,16.17
3/14/17,17.49
3/15/17,22.44
3/16/17,20.13
3/17/17,19.14
3/18/17,4.95
3/19/17,3.3
3/20/17,20.79
3/21/17,27.72
3/22/17,23.1
3/23/17,21.12
3/24/17,18.81
3/25/17,5.28
3/26/17,3.96
3/27/17,19.8
3/28/17,24.42
3/29/17,26.07
3/30/17,23.1
3/31/17,19.8
4/1/17,6
4/2/17,3.36
4/3/17,20.64
4/4/17,21.12
4/5/17,24
4/6/17,19.92
4/7/17,22.08
4/8/17,6.24
4/9/17,3.36
4/10/17,18.96
4/11/17,21.84
4/12/17,19.68
4/13/17,19.44
4/14/17,12.24
4/15/17,3.36
4/16/17,3.6
4/17/17,20.16
4/18/17,19.2
4/19/17,20.16
4/20/17,19.2
4/21/17,19.2
4/22/17,4.32
4/23/17,3.12
4/24/17,23.04
4/25/17,24
4/26/17,20.88
4/27/17,21.84
4/28/17,21.6
4/29/17,6
4/30/17,5.04
5/1/17,16.72
5/2/17,44
5/3/17,35.2
5/4/17,17.6
5/5/17,15.4
5/6/17,4.84
5/7/17,3.08
5/8/17,21.56
5/9/17,21.56
5/10/17,17.16
5/11/17,14.96
5/12/17,16.72
5/13/17,5.28
5/14/17,3.08
5/15/17,14.96
5/16/17,14.52
5/17/17,17.6
5/18/17,15.4
5/19/17,13.64
5/20/17,3.52
5/21/17,2.2
5/22/17,12.32
5/23/17,13.2
5/24/17,12.76
5/25/17,12.76
5/26/17,11
5/27/17,3.08
5/28/17,2.2
5/29/17,2.2
5/30/17,11
5/31/17,10.12
6/1/17,16.45
6/2/17,19.6
6/3/17,5.6
6/4/17,3.15
6/5/17,31.15
6/6/17,23.45
6/7/17,18.9
6/8/17,19.25
6/9/17,25.9
6/10/17,9.1
6/11/17,4.55
6/12/17,35
6/13/17,28.7
6/14/17,23.45
6/15/17,23.1
6/16/17,21
6/17/17,5.25
6/18/17,3.15
6/19/17,23.1
6/20/17,21.35
6/21/17,17.15
6/22/17,18.55
6/23/17,16.1
6/24/17,3.85
6/25/17,3.15
6/26/17,17.5
6/27/17,18.55
6/28/17,18.55
6/29/17,18.9
6/30/17,16.1
7/1/17,4.76
7/2/17,3.08
7/3/17,18.48
7/4/17,14.84
7/5/17,20.44
7/6/17,21
7/7/17,17.92
7/8/17,4.76
7/9/17,3.92
7/10/17,19.04
7/11/17,17.64
7/12/17,19.6
7/13/17,19.32
7/14/17,20.44
7/15/17,5.6
7/16/17,3.08
7/17/17,19.88
7/18/17,21.84
7/19/17,23.8
7/20/17,20.72
7/21/17,18.76
7/22/17,5.6
7/23/17,3.08
7/24/17,20.44
7/25/17,24.92
7/26/17,22.96
7/27/17,28
7/28/17,22.12
7/29/17,6.16
7/30/17,3.92
7/31/17,26.6
8/1/17,44
8/2/17,42.68
8/3/17,21.56
8/4/17,15.84
8/5/17,4.4
8/6/17,2.2
8/7/17,14.96
8/8/17,18.48
8/9/17,15.4
8/10/17,15.84
8/11/17,14.96
8/12/17,3.08
8/13/17,2.64
8/14/17,13.64
8/15/17,14.52
8/16/17,15.4
8/17/17,13.64
8/18/17,12.32
8/19/17,3.08
8/20/17,1.76
8/21/17,10.56
8/22/17,12.32
8/23/17,11.88
8/24/17,11.88
8/25/17,10.56
8/26/17,2.64
8/27/17,1.76
8/28/17,12.32
8/29/17,14.08
8/30/17,14.08
8/31/17,14.52
9/1/17,10.36
9/2/17,2.59
9/3/17,1.85
9/4/17,2.22
9/5/17,10.36
9/6/17,9.99
9/7/17,9.25
9/8/17,8.51
9/9/17,2.22
9/10/17,1.85
9/11/17,11.84
9/12/17,37
9/13/17,21.83
9/14/17,14.06
9/15/17,11.84
9/16/17,3.33
9/17/17,1.85
9/18/17,10.73
9/19/17,9.99
9/20/17,12.58
9/21/17,11.84
9/22/17,13.69
9/23/17,3.7
9/24/17,2.59
9/25/17,13.32
9/26/17,12.21
9/27/17,12.21
9/28/17,10.73
9/29/17,9.99
9/30/17,2.59
10/1/17,3.3
10/2/17,15.18
10/3/17,17.82
10/4/17,17.49
10/5/17,17.82
10/6/17,15.51
10/7/17,3.96
10/8/17,2.31
10/9/17,15.84
10/10/17,17.49
10/11/17,16.17
10/12/17,15.18
10/13/17,15.18
10/14/17,3.96
10/15/17,2.64
10/16/17,18.81
10/17/17,22.11
10/18/17,19.8
10/19/17,23.43
10/20/17,21.45
10/21/17,4.62
10/22/17,2.97
10/23/17,17.82
10/24/17,19.14
10/25/17,16.83
10/26/17,19.47
10/27/17,33
10/28/17,7.92
10/29/17,4.95
10/30/17,30.69
10/31/17,31.35
11/1/17,17.94
11/2/17,35.49
11/3/17,39
11/4/17,6.24
11/5/17,3.51
11/6/17,18.33
11/7/17,16.38
11/8/17,15.21
11/9/17,15.99
11/10/17,11.7
11/11/17,3.51
11/12/17,1.95
11/13/17,11.31
11/14/17,10.53
11/15/17,11.7
11/16/17,10.92
11/17/17,11.31
11/18/17,2.73
11/19/17,1.95
11/20/17,9.75
11/21/17,11.31
11/22/17,10.92
11/23/17,3.51
11/24/17,6.63
11/25/17,3.12
11/26/17,1.95
11/27/17,9.36
11/28/17,10.92
11/29/17,13.65
11/30/17,13.26
12/1/17,24.65
12/2/17,7.83
12/3/17,4.64
12/4/17,26.39
12/5/17,23.49
12/6/17,21.17
12/7/17,21.75
12/8/17,20.88
12/9/17,6.67
12/10/17,2.9
12/11/17,21.17
12/12/17,22.04
12/13/17,20.88
12/14/17,21.17
12/15/17,19.72
12/16/17,6.67
12/17/17,4.93
12/18/17,22.04
12/19/17,26.68
12/20/17,22.62
12/21/17,24.65
12/22/17,21.75
12/23/17,7.25
12/24/17,3.77
12/25/17,4.06
12/26/17,29
12/27/17,28.13
12/28/17,24.07
12/29/17,23.2
12/30/17,6.09
12/31/17,4.06
1/1/18,4.32
1/2/18,19.8
1/3/18,22.32
1/4/18,20.88
1/5/18,21.96
1/6/18,6.12
1/7/18,2.88
1/8/18,18.36
1/9/18,20.88
1/10/18,19.8
1/11/18,19.08
1/12/18,21.24
1/13/18,6.12
1/14/18,3.6
1/15/18,7.56
1/16/18,20.88
1/17/18,25.2
1/18/18,28.8
1/19/18,21.6
1/20/18,7.2
1/21/18,3.6
1/22/18,18.36
1/23/18,23.4
1/24/18,23.4
1/25/18,23.76
1/26/18,25.92
1/27/18,9
1/28/18,5.4
1/29/18,32.76
1/30/18,36
1/31/18,36
2/1/18,43
2/2/18,50
2/3/18,9.5
2/4/18,4.5
2/5/18,24.5
2/6/18,33
2/7/18,22.5
2/8/18,21.5
2/9/18,24
2/10/18,6
2/11/18,3
2/12/18,19.5
2/13/18,18.5
2/14/18,18.5
2/15/18,23
2/16/18,20
2/17/18,4.5
2/18/18,2.5
2/19/18,5.5
2/20/18,14.5
2/21/18,15.5
2/22/18,14
2/23/18,13
2/24/18,4
2/25/18,2.5
2/26/18,16.5
2/27/18,19
2/28/18,16.5
3/1/18,28.38
3/2/18,29.37
3/3/18,7.26
3/4/18,4.62
3/5/18,24.42
3/6/18,24.42
3/7/18,27.06
3/8/18,25.08
3/9/18,27.06
3/10/18,7.59
3/11/18,4.95
3/12/18,26.73
3/13/18,27.72
3/14/18,23.76
3/15/18,22.44
3/16/18,19.14
3/17/18,7.59
3/18/18,3.96
3/19/18,25.41
3/20/18,25.41
3/21/18,24.42
3/22/18,27.72
3/23/18,27.06
3/24/18,7.92
3/25/18,4.95
3/26/18,30.69
3/27/18,33
3/28/18,31.02
3/29/18,26.4
3/30/18,13.53
3/31/18,3.63
4/1/18,2.48
4/2/18,23.25
4/3/18,21.7
4/4/18,22.94
4/5/18,21.39
4/6/18,20.15
4/7/18,5.27
4/8/18,3.72
4/9/18,21.08
4/10/18,21.7
4/11/18,19.84
4/12/18,19.53
4/13/18,18.29
4/14/18,4.65
4/15/18,3.41
4/16/18,18.91
4/17/18,21.7
4/18/18,19.53
4/19/18,23.25
4/20/18,31
4/21/18,7.13
4/22/18,4.96
4/23/18,22.94
4/24/18,27.9
4/25/18,24.49
4/26/18,25.42
4/27/18,24.49
4/28/18,6.82
4/29/18,4.34
4/30/18,28.83
5/1/18,46
5/2/18,40.94
5/3/18,17.94
5/4/18,28.06
5/5/18,6.9
5/6/18,4.14
5/7/18,19.78
5/8/18,17.94
5/9/18,16.1
5/10/18,17.94
5/11/18,17.48
5/12/18,5.06
5/13/18,2.3
5/14/18,13.34
5/15/18,12.42
5/16/18,11.96
5/17/18,11.96
5/18/18,11.04
5/19/18,2.76
5/20/18,2.3
5/21/18,11.96
5/22/18,10.58
5/23/18,11.04
5/24/18,11.96
5/25/18,10.12
5/26/18,2.76
5/27/18,1.38
5/28/18,2.3
5/29/18,10.58
5/30/18,10.58
5/31/18,10.58
6/1/18,19.53
6/2/18,6.51
6/3/18,3.72
6/4/18,31
6/5/18,29.14
6/6/18,24.49
6/7/18,22.32
6/8/18,22.63
6/9/18,5.89
6/10/18,3.41
6/11/18,18.91
6/12/18,19.22
6/13/18,20.15
6/14/18,19.84
6/15/18,18.91
6/16/18,4.65
6/17/18,3.1
6/18/18,16.74
6/19/18,22.32
6/20/18,20.15
6/21/18,17.67
6/22/18,15.19
6/23/18,4.65
6/24/18,2.17
6/25/18,17.98
6/26/18,18.29
6/27/18,16.74
6/28/18,17.05
6/29/18,16.12
6/30/18,4.03
7/1/18,1.32
7/2/18,5.61
7/3/18,6.27
7/4/18,1.65
7/5/18,5.94
7/6/18,6.27
7/7/18,1.65
7/8/18,0.99
7/9/18,6.6
7/10/18,7.26
7/11/18,6.27
7/12/18,6.93
7/13/18,6.93
7/14/18,1.65
7/15/18,0.99
7/16/18,5.94
7/17/18,6.93
7/18/18,6.6
7/19/18,7.26
7/20/18,6.93
7/21/18,1.32
7/22/18,1.32
7/23/18,6.6
7/24/18,7.92
7/25/18,8.25
7/26/18,10.23
7/27/18,9.24
7/28/18,2.31
7/29/18,1.65
7/30/18,9.24
7/31/18,33
8/1/18,53
8/2/18,51.94
8/3/18,27.56
8/4/18,5.83
8/5/18,3.18
8/6/18,16.96
8/7/18,16.43
8/8/18,12.19
8/9/18,13.25
8/10/18,11.66
8/11/18,3.18
8/12/18,2.12
8/13/18,12.72
8/14/18,13.25
8/15/18,12.72
8/16/18,15.9
8/17/18,16.43
8/18/18,4.77
8/19/18,2.65
8/20/18,12.19
8/21/18,13.25
8/22/18,12.72
8/23/18,12.19
8/24/18,11.13
8/25/18,3.18
8/26/18,2.12
8/27/18,12.19
8/28/18,14.31
8/29/18,15.9
8/30/18,18.55
8/31/18,16.43
9/1/18,5.6
9/2/18,3.2
9/3/18,4.8
9/4/18,22.4
9/5/18,20.8
9/6/18,18.4
9/7/18,17.6
9/8/18,5.2
9/9/18,3.6
9/10/18,18.4
9/11/18,22.8
9/12/18,40
9/13/18,29.6
9/14/18,23.2
9/15/18,5.2
9/16/18,3.2
9/17/18,18.4
9/18/18,21.6
9/19/18,17.2
9/20/18,18
9/21/18,17.6
9/22/18,4.8
9/23/18,2.8
9/24/18,16.4
9/25/18,17.6
9/26/18,16
9/27/18,18.8
9/28/18,16.8
9/29/18,4.8
9/30/18,2.8
10/1/18,26.4
10/2/18,25.2
10/3/18,24.8
10/4/18,24.8
10/5/18,25.2
10/6/18,6.4
10/7/18,3.2
10/8/18,23.2
10/9/18,22.4
10/10/18,33.2
10/11/18,40
10/12/18,35.6
10/13/18,6.8
10/14/18,4.4
10/15/18,26.8
10/16/18,30.8
10/17/18,25.6
10/18/18,24
10/19/18,24.8
10/20/18,6.4
10/21/18,4
10/22/18,23.2
10/23/18,25.6
10/24/18,28.4
10/25/18,33.2
10/26/18,32.8
10/27/18,7.6
10/28/18,4.8
10/29/18,26
10/30/18,35.6
10/31/18,37.6
11/1/18,61
11/2/18,57.34
11/3/18,7.93
11/4/18,4.27
11/5/18,28.06
11/6/18,23.18
11/7/18,20.13
11/8/18,18.91
11/9/18,15.86
11/10/18,4.27
11/11/18,2.44
11/12/18,22.57
11/13/18,25.01
11/14/18,28.06
11/15/18,25.62
11/16/18,20.13
11/17/18,5.49
11/18/18,3.05
11/19/18,23.79
11/20/18,31.72
11/21/18,25.01
11/22/18,6.1
11/23/18,14.03
11/24/18,5.49
11/25/18,3.66
11/26/18,22.57
11/27/18,23.79
11/28/18,23.18
11/29/18,20.74
11/30/18,18.91
12/1/18,9.24
12/2/18,7.04
12/3/18,40.48
12/4/18,40.04
12/5/18,19.8
12/6/18,39.16
12/7/18,36.08
12/8/18,8.8
12/9/18,5.28
12/10/18,43.12
12/11/18,36.96
12/12/18,35.64
12/13/18,31.24
12/14/18,28.6
12/15/18,9.24
12/16/18,6.6
12/17/18,28.16
12/18/18,30.36
12/19/18,33
12/20/18,36.96
12/21/18,42.24
12/22/18,13.2
12/23/18,5.72
12/24/18,33.88
12/25/18,11.88
12/26/18,44
12/27/18,42.68
12/28/18,30.36
12/29/18,8.36
12/30/18,5.72
12/31/18,27.28
1/1/19,3.6
1/2/19,29.4
1/3/19,60
1/4/19,37.8
1/5/19,7.2
1/6/19,3
1/7/19,16.8
1/8/19,16.2
1/9/19,19.2
1/10/19,15.6
1/11/19,12.6
1/12/19,4.2
1/13/19,1.8
1/14/19,12
1/15/19,12
1/16/19,12
1/17/19,11.4
1/18/19,12
1/19/19,3
1/20/19,1.8
1/21/19,4.8
1/22/19,10.8
1/23/19,10.8
1/24/19,10.2
1/25/19,11.4
1/26/19,3
1/27/19,2.4
1/28/19,12
1/29/19,37.8
1/30/19,37.8
1/31/19,19.2
2/1/19,32.34
2/2/19,8.91
2/3/19,3.3
2/4/19,28.38
2/5/19,33
2/6/19,30.69
2/7/19,25.08
2/8/19,22.11
2/9/19,6.6
2/10/19,5.28
2/11/19,21.12
2/12/19,23.76
2/13/19,23.43
2/14/19,21.78
2/15/19,23.1
2/16/19,5.61
2/17/19,3.63
2/18/19,8.91
2/19/19,19.8
2/20/19,19.47
2/21/19,19.47
2/22/19,18.81
2/23/19,5.61
2/24/19,3.96
2/25/19,21.12
2/26/19,21.12
2/27/19,17.49
2/28/19,18.81
3/1/19,14.06
3/2/19,4.44
3/3/19,2.22
3/4/19,16.28
3/5/19,14.43
3/6/19,12.95
3/7/19,13.69
3/8/19,12.58
3/9/19,3.33
3/10/19,2.22
3/11/19,18.13
3/12/19,19.61
3/13/19,17.39
3/14/19,18.5
3/15/19,17.39
3/16/19,4.81
3/17/19,3.33
3/18/19,18.5
3/19/19,22.2
3/20/19,17.39
3/21/19,28.12
3/22/19,25.9
3/23/19,4.81
3/24/19,4.07
3/25/19,37
3/26/19,29.6
3/27/19,20.35
3/28/19,16.65
3/29/19,18.5
3/30/19,4.07
3/31/19,3.33
4/1/19,12.48
4/2/19,13.65
4/3/19,13.65
4/4/19,14.04
4/5/19,12.87
4/6/19,3.12
4/7/19,1.95
4/8/19,14.04
4/9/19,17.16
4/10/19,15.21
4/11/19,14.04
4/12/19,13.26
4/13/19,3.12
4/14/19,2.73
4/15/19,10.92
4/16/19,14.82
4/17/19,15.21
4/18/19,13.26
4/19/19,6.24
4/20/19,1.95
4/21/19,2.34
4/22/19,11.7
4/23/19,14.43
4/24/19,14.82
4/25/19,14.82
4/26/19,12.48
4/27/19,3.12
4/28/19,2.73
4/29/19,14.82
4/30/19,39
5/1/19,40
5/2/19,19.2
5/3/19,14.8
5/4/19,4
5/5/19,2.4
5/6/19,18
5/7/19,14.4
5/8/19,13.6
5/9/19,13.6
5/10/19,14.4
5/11/19,2.8
5/12/19,2
5/13/19,22
5/14/19,19.6
5/15/19,14
5/16/19,13.2
5/17/19,11.2
5/18/19,4.4
5/19/19,2
5/20/19,14
5/21/19,12.8
5/22/19,12.8
5/23/19,14
5/24/19,12
5/25/19,3.2
5/26/19,1.6
5/27/19,2.4
5/28/19,10.8
5/29/19,11.2
5/30/19,10.8
5/31/19,12
6/1/19,6.38
6/2/19,3.48
6/3/19,29
6/4/19,28.71
6/5/19,26.97
6/6/19,25.23
6/7/19,25.52
6/8/19,7.54
6/9/19,4.35
6/10/19,24.36
6/11/19,25.23
6/12/19,22.91
6/13/19,23.49
6/14/19,20.3
6/15/19,5.22
6/16/19,2.61
6/17/19,21.17
6/18/19,25.81
6/19/19,23.78
6/20/19,26.39
6/21/19,22.91
6/22/19,4.64
6/23/19,3.19
6/24/19,20.3
6/25/19,20.59
6/26/19,23.49
6/27/19,26.1
6/28/19,27.55
6/29/19,6.38
6/30/19,4.06
7/1/19,13.53
7/2/19,11.22
7/3/19,10.89
7/4/19,2.97
7/5/19,9.24
7/6/19,2.31
7/7/19,0.99
7/8/19,11.88
7/9/19,11.55
7/10/19,10.56
7/11/19,11.88
7/12/19,9.57
7/13/19,2.31
7/14/19,1.65
7/15/19,9.57
7/16/19,9.57
7/17/19,9.24
7/18/19,10.56
7/19/19,8.91
7/20/19,2.31
7/21/19,1.32
7/22/19,10.23
7/23/19,11.55
7/24/19,10.23
7/25/19,11.22
7/26/19,11.22
7/27/19,2.64
7/28/19,1.65
7/29/19,11.22
7/30/19,33
7/31/19,33
8/1/19,33
8/2/19,26.4
8/3/19,5.61
8/4/19,3.63
8/5/19,30.03
8/6/19,30.03
8/7/19,24.09
8/8/19,22.77
8/9/19,19.47
8/10/19,4.29
8/11/19,3.3
8/12/19,19.8
8/13/19,31.02
8/14/19,29.7
8/15/19,25.08
8/16/19,19.8
8/17/19,5.94
8/18/19,2.97
8/19/19,23.1
8/20/19,22.44
8/21/19,21.78
8/22/19,20.46
8/23/19,25.74
8/24/19,6.27
8/25/19,3.3
8/26/19,22.44
8/27/19,21.12
8/28/19,17.49
8/29/19,19.8
8/30/19,17.49
8/31/19,3.96
9/1/19,1.96
9/2/19,2.52
9/3/19,11.76
9/4/19,14
9/5/19,15.12
9/6/19,13.16
9/7/19,3.08
9/8/19,1.96
9/9/19,15.4
9/10/19,28
9/11/19,26.32
9/12/19,23.8
9/13/19,19.32
9/14/19,4.76
9/15/19,2.52
9/16/19,16.24
9/17/19,15.4
9/18/19,15.68
9/19/19,14.84
9/20/19,14
9/21/19,3.64
9/22/19,1.96
9/23/19,12.6
9/24/19,13.72
9/25/19,14.28
9/26/19,12.32
9/27/19,11.48
9/28/19,3.08
9/29/19,1.96
9/30/19,14
10/1/19,14.4
10/2/19,14.04
10/3/19,11.88
10/4/19,14.4
10/5/19,3.6
10/6/19,2.88
10/7/19,13.32
10/8/19,12.96
10/9/19,12.96
10/10/19,14.76
10/11/19,17.64
10/12/19,4.68
10/13/19,2.88
10/14/19,12.96
10/15/19,15.48
10/16/19,12.96
10/17/19,12.24
10/18/19,10.8
10/19/19,2.52
10/20/19,2.52
10/21/19,14.76
10/22/19,15.48
10/23/19,15.12
10/24/19,14.76
10/25/19,16.92
10/26/19,3.96
10/27/19,3.24
10/28/19,18.72
10/29/19,19.44
10/30/19,36
10/31/19,30.24
11/1/19,31
11/2/19,8.37
11/3/19,4.96
11/4/19,24.49
11/5/19,23.25
11/6/19,20.15
11/7/19,22.32
11/8/19,21.08
11/9/19,5.27
11/10/19,3.41
11/11/19,17.98
11/12/19,21.39
11/13/19,20.15
11/14/19,20.15
11/15/19,20.46
11/16/19,6.82
11/17/19,3.72
11/18/19,19.84
11/19/19,20.46
11/20/19,20.15
11/21/19,19.22
11/22/19,15.81
11/23/19,4.96
11/24/19,2.79
11/25/19,16.74
11/26/19,19.22
11/27/19,18.91
11/28/19,5.58
11/29/19,11.47
11/30/19,3.1
12/1/19,3.3
12/2/19,16.8
12/3/19,19.2
12/4/19,17.4
12/5/19,18.6
12/6/19,21.3
12/7/19,5.1
12/8/19,4.2
12/9/19,18.3
12/10/19,19.2
12/11/19,18.9
12/12/19,21
12/13/19,25.5
12/14/19,6.9
12/15/19,3.9
12/16/19,23.4
12/17/19,23.7
12/18/19,21
12/19/19,21.6
12/20/19,19.2
12/21/19,5.4
12/22/19,3.3
12/23/19,22.2
12/24/19,18
12/25/19,6
12/26/19,24.3
12/27/19,30
12/28/19,6.3
12/29/19,4.5
12/30/19,21
12/31/19,23.1