6/1/09,4.976786,1
6/2/09,4.981786,2
6/3/09,5.033929,3
6/4/09,5.133571,4
6/5/09,5.166786,5
6/8/09,5.1375,6
6/9/09,5.097143,7
6/10/09,5.008929,8
6/11/09,4.998214,9
6/12/09,4.891786,10
6/15/09,4.860357,11
6/16/09,4.869643,12
6/17/09,4.842143,13
6/18/09,4.852857,14
6/19/09,4.981429,15
6/22/09,4.906071,16
6/23/09,4.786071,17
6/24/09,4.865,18
6/25/09,4.995,19
6/26/09,5.087143,20
6/29/09,5.070357,21
6/30/09,5.086786,22
7/1/09,5.101071,23
7/2/09,5.000714,24
7/6/09,4.950357,25
7/7/09,4.835714,26
7/8/09,4.900714,27
7/9/09,4.87,28
7/10/09,4.947143,29
7/13/09,5.083571,30
7/14/09,5.081071,31
7/15/09,5.245714,32
7/16/09,5.268571,33
7/17/09,5.419643,34
7/20/09,5.461071,35
7/21/09,5.411071,36
7/22/09,5.597857,37
7/23/09,5.636429,38
7/24/09,5.713929,39
7/27/09,5.717857,40
7/28/09,5.714286,41
7/29/09,5.715357,42
7/30/09,5.813929,43
7/31/09,5.835357,44
8/3/09,5.943929,45
8/4/09,5.9125,46
8/5/09,5.896786,47
8/6/09,5.853929,48
8/7/09,5.911071,49
8/10/09,5.882857,50
8/11/09,5.815357,51
8/12/09,5.903929,52
8/13/09,6.015,53
8/14/09,5.956429,54
8/17/09,5.699643,55
8/18/09,5.857143,56
8/19/09,5.878571,57
8/20/09,5.940357,58
8/21/09,6.043571,59
8/24/09,6.037857,60
8/25/09,6.05,61
8/26/09,5.978929,62
8/27/09,6.051786,63
8/28/09,6.073214,64
8/31/09,6.0075,65
9/1/09,5.903571,66
9/2/09,5.899286,67
9/3/09,5.948214,68
9/4/09,6.0825,69
9/8/09,6.176071,70
9/9/09,6.112143,71
9/10/09,6.162857,72
9/11/09,6.148571,73
9/14/09,6.204286,74
9/15/09,6.255714,75
9/16/09,6.495357,76
9/17/09,6.591071,77
9/18/09,6.607857,78
9/21/09,6.572143,79
9/22/09,6.588571,80
9/23/09,6.625,81
9/24/09,6.565,82
9/25/09,6.513214,83
9/28/09,6.648214,84
9/29/09,6.620714,85
9/30/09,6.619643,86
10/1/09,6.459286,87
10/2/09,6.603571,88
10/5/09,6.643571,89
10/6/09,6.786071,90
10/7/09,6.794643,91
10/8/09,6.759643,92
10/9/09,6.8025,93
10/12/09,6.814643,94
10/13/09,6.786429,95
10/14/09,6.831786,96
10/15/09,6.805714,97
10/16/09,6.716071,98
10/19/09,6.780714,99
10/20/09,7.098571,100
10/21/09,7.318571,101
10/22/09,7.328571,102
10/23/09,7.283571,103
10/26/09,7.231429,104
10/27/09,7.048929,105
10/28/09,6.871429,106
10/29/09,7.0125,107
10/30/09,6.732143,108
11/2/09,6.761071,109
11/3/09,6.741071,110
11/4/09,6.814643,111
11/5/09,6.929643,112
11/6/09,6.940714,113
11/9/09,7.195,114
11/10/09,7.249286,115
11/11/09,7.258929,116
11/12/09,7.213929,117
11/13/09,7.301786,118
11/16/09,7.379643,119
11/17/09,7.392857,120
11/18/09,7.355714,121
11/19/09,7.161071,122
11/20/09,7.14,123
11/23/09,7.352857,124
11/24/09,7.301429,125
11/25/09,7.2925,126
11/27/09,7.163929,127
11/30/09,7.139643,128
12/1/09,7.034643,129
12/2/09,7.008214,130
12/3/09,7.017143,131
12/4/09,6.904286,132
12/7/09,6.748214,133
12/8/09,6.781071,134
12/9/09,7.064286,135
12/10/09,7.015357,136
12/11/09,6.9525,137
12/14/09,7.035,138
12/15/09,6.934643,139
12/16/09,6.965357,140
12/17/09,6.852143,141
12/18/09,6.979643,142
12/21/09,7.079643,143
12/22/09,7.155714,144
12/23/09,7.217857,145
12/24/09,7.465714,146
12/28/09,7.5575,147
12/29/09,7.467857,148
12/30/09,7.558571,149
12/31/09,7.526071,150
1/4/10,7.643214,151
1/5/10,7.656429,152
1/6/10,7.534643,153
1/7/10,7.520714,154
1/8/10,7.570714,155
1/11/10,7.503929,156
1/12/10,7.418571,157
1/13/10,7.523214,158
1/14/10,7.479643,159
1/15/10,7.354643,160
1/19/10,7.68,161
1/20/10,7.561786,162
1/21/10,7.431071,163
1/22/10,7.0625,164
1/25/10,7.2525,165
1/26/10,7.355,166
1/27/10,7.424286,167
1/28/10,7.1175,168
1/29/10,6.859286,169
2/1/10,6.954643,170
2/2/10,6.995,171
2/3/10,7.115357,172
2/4/10,6.858929,173
2/5/10,6.980714,174
2/8/10,6.932857,175
2/9/10,7.006786,176
2/10/10,6.968571,177
2/11/10,7.095357,178
2/12/10,7.156429,179
2/16/10,7.264286,180
2/17/10,7.233929,181
2/18/10,7.2475,182
2/19/10,7.2025,183
2/22/10,7.157857,184
2/23/10,7.037857,185
2/24/10,7.166429,186
2/25/10,7.214286,187
2/26/10,7.307857,188
3/1/10,7.463929,189
3/2/10,7.458929,190
3/3/10,7.476071,191
3/4/10,7.525357,192
3/5/10,7.819643,193
3/8/10,7.824286,194
3/9/10,7.965,195
3/10/10,8.03,196
3/11/10,8.053571,197
3/12/10,8.092857,198
3/15/10,7.994286,199
3/16/10,8.016071,200
3/17/10,8.004286,201
3/18/10,8.023214,202
3/19/10,7.9375,203
3/22/10,8.026786,204
3/23/10,8.155714,205
3/24/10,8.191786,206
3/25/10,8.094643,207
3/26/10,8.246429,208
3/29/10,8.299643,209
3/30/10,8.423214,210
3/31/10,8.392857,211
4/1/10,8.4275,212
4/5/10,8.5175,213
4/6/10,8.555,214
4/7/10,8.592857,215
4/8/10,8.569643,216
4/9/10,8.635357,217
4/12/10,8.653214,218
4/13/10,8.658214,219
4/14/10,8.774643,220
4/15/10,8.89,221
4/16/10,8.835714,222
4/19/10,8.823929,223
4/20/10,8.735357,224
4/21/10,9.257857,225
4/22/10,9.516786,226
4/23/10,9.6725,227
4/26/10,9.625,228
4/27/10,9.358571,229
4/28/10,9.342857,230
4/29/10,9.594286,231
4/30/10,9.324643,232
5/3/10,9.5125,233
5/4/10,9.238571,234
5/5/10,9.1425,235
5/6/10,8.794643,236
5/7/10,8.423571,237
5/10/10,9.071071,238
5/11/10,9.161429,239
5/12/10,9.360357,240
5/13/10,9.227143,241
5/14/10,9.065,242
5/17/10,9.079286,243
5/18/10,9.012857,244
5/19/10,8.869286,245
5/20/10,8.491429,246
5/21/10,8.654286,247
5/24/10,8.812857,248
5/25/10,8.757857,249
5/26/10,8.718214,250
5/27/10,9.048214,251
5/28/10,9.174286,252
6/1/10,9.315357,253
6/2/10,9.426786,254
6/3/10,9.397143,255
6/4/10,9.141429,256
6/7/10,8.962143,257
6/8/10,8.904643,258
6/9/10,8.685714,259
6/10/10,8.946786,260
6/11/10,9.053929,261
6/14/10,9.081429,262
6/15/10,9.274643,263
6/16/10,9.544643,264
6/17/10,9.709643,265
6/18/10,9.788214,266
6/21/10,9.648929,267
6/22/10,9.780357,268
6/23/10,9.6775,269
6/24/10,9.607143,270
6/25/10,9.525,271
6/28/10,9.582143,272
6/29/10,9.148929,273
6/30/10,8.983214,274
7/1/10,8.874286,275
7/2/10,8.819286,276
7/6/10,8.879643,277
7/7/10,9.238214,278
7/8/10,9.2175,279
7/9/10,9.272143,280
7/12/10,9.188929,281
7/13/10,8.992857,282
7/14/10,9.026071,283
7/15/10,8.980357,284
7/16/10,8.925,285
7/19/10,8.770714,286
7/20/10,8.996071,287
7/21/10,9.08,288
7/22/10,9.250714,289
7/23/10,9.283571,290
7/26/10,9.26,291
7/27/10,9.431429,292
7/28/10,9.32,293
7/29/10,9.218214,294
7/30/10,9.1875,295
8/2/10,9.351786,296
8/3/10,9.354643,297
8/4/10,9.392143,298
8/5/10,9.346429,299
8/6/10,9.288929,300
8/9/10,9.348214,301
8/10/10,9.264643,302
8/11/10,8.935357,303
8/12/10,8.9925,304
8/13/10,8.896429,305
8/16/10,8.844286,306
8/17/10,8.998929,307
8/18/10,9.038214,308
8/19/10,8.924286,309
8/20/10,8.915714,310
8/23/10,8.778571,311
8/24/10,8.568929,312
8/25/10,8.674643,313
8/26/10,8.581429,314
8/27/10,8.629286,315
8/30/10,8.660714,316
8/31/10,8.682143,317
9/1/10,8.940357,318
9/2/10,9.006071,319
9/3/10,9.241786,320
9/7/10,9.2075,321
9/8/10,9.39,322
9/9/10,9.395357,323
9/10/10,9.4075,324
9/13/10,9.537143,325
9/14/10,9.573571,326
9/15/10,9.650714,327
9/16/10,9.8775,328
9/17/10,9.834643,329
9/20/10,10.115357,330
9/21/10,10.134643,331
9/22/10,10.276786,332
9/23/10,10.318571,333
9/24/10,10.44,334
9/27/10,10.398571,335
9/28/10,10.245,336
9/29/10,10.263214,337
9/30/10,10.133929,338
10/1/10,10.09,339
10/4/10,9.951429,340
10/5/10,10.319286,341
10/6/10,10.328214,342
10/7/10,10.329286,343
10/8/10,10.5025,344
10/11/10,10.548571,345
10/12/10,10.662143,346
10/13/10,10.719286,347
10/14/10,10.796786,348
10/15/10,11.240714,349
10/18/10,11.357143,350
10/19/10,11.053214,351
10/20/10,11.090357,352
10/21/10,11.054286,353
10/22/10,10.981071,354
10/25/10,11.03,355
10/26/10,11.001786,356
10/27/10,10.993929,357
10/28/10,10.901429,358
10/29/10,10.749286,359
11/1/10,10.863571,360
11/2/10,11.048571,361
11/3/10,11.171429,362
11/4/10,11.366786,363
11/5/10,11.326071,364
11/8/10,11.379286,365
11/9/10,11.288571,366
11/10/10,11.358214,367
11/11/10,11.308929,368
11/12/10,11.001071,369
11/15/10,10.965714,370
11/16/10,10.771071,371
11/17/10,10.732143,372
11/18/10,11.015357,373
11/19/10,10.954643,374
11/22/10,11.191429,375
11/23/10,11.026071,376
11/24/10,11.242857,377
11/26/10,11.25,378
11/29/10,11.316786,379
11/30/10,11.1125,380
12/1/10,11.3,381
12/2/10,11.3625,382
12/3/10,11.337143,383
12/6/10,11.433929,384
12/7/10,11.364643,385
12/8/10,11.464643,386
12/9/10,11.42,387
12/10/10,11.448571,388
12/13/10,11.488214,389
12/14/10,11.438929,390
12/15/10,11.441429,391
12/16/10,11.473214,392
12/17/10,11.450357,393
12/20/10,11.5075,394
12/21/10,11.578571,395
12/22/10,11.612857,396
12/23/10,11.557143,397
12/27/10,11.595714,398
12/28/10,11.623929,399
12/29/10,11.6175,400
12/30/10,11.559286,401
12/31/10,11.52,402
1/3/11,11.770357,403
1/4/11,11.831786,404
1/5/11,11.928571,405
1/6/11,11.918929,406
1/7/11,12.004286,407
1/10/11,12.230357,408
1/11/11,12.201429,409
1/12/11,12.300714,410
1/13/11,12.345714,411
1/14/11,12.445714,412
1/18/11,12.166071,413
1/19/11,12.101429,414
1/20/11,11.881429,415
1/21/11,11.668571,416
1/24/11,12.051786,417
1/25/11,12.192857,418
1/26/11,12.280357,419
1/27/11,12.2575,420
1/28/11,12.003571,421
1/31/11,12.118571,422
2/1/11,12.3225,423
2/2/11,12.297143,424
2/3/11,12.265714,425
2/4/11,12.375,426
2/7/11,12.567143,427
2/8/11,12.685714,428
2/9/11,12.791429,429
2/10/11,12.662143,430
2/11/11,12.744643,431
2/14/11,12.827857,432
2/15/11,12.853571,433
2/16/11,12.968929,434
2/17/11,12.796429,435
2/18/11,12.52,436
2/22/11,12.093214,437
2/23/11,12.236429,438
2/24/11,12.245714,439
2/25/11,12.434286,440
2/28/11,12.614643,441
3/1/11,12.475357,442
3/2/11,12.575714,443
3/3/11,12.841429,444
3/4/11,12.857143,445
3/7/11,12.691429,446
3/8/11,12.705714,447
3/9/11,12.588214,448
3/10/11,12.381071,449
3/11/11,12.571071,450
3/14/11,12.627143,451
3/15/11,12.336786,452
3/16/11,11.786071,453
3/17/11,11.951429,454
3/18/11,11.809643,455
3/21/11,12.117857,456
3/22/11,12.185714,457
3/23/11,12.113929,458
3/24/11,12.320357,459
3/25/11,12.555,460
3/28/11,12.515714,461
3/29/11,12.534286,462
3/30/11,12.451071,463
3/31/11,12.446786,464
4/1/11,12.305714,465
4/4/11,12.185357,466
4/5/11,12.103214,467
4/6/11,12.072857,468
4/7/11,12.074286,469
4/8/11,11.966429,470
4/11/11,11.814286,471
4/12/11,11.871429,472
4/13/11,12.004643,473
4/14/11,11.872143,474
4/15/11,11.695,475
4/18/11,11.851786,476
4/19/11,12.066429,477
4/20/11,12.228929,478
4/21/11,12.525,479
4/25/11,12.6075,480
4/26/11,12.515,481
4/27/11,12.505357,482
4/28/11,12.383929,483
4/29/11,12.504643,484
5/2/11,12.367143,485
5/3/11,12.435714,486
5/4/11,12.484643,487
5/5/11,12.383929,488
5/6/11,12.380714,489
5/9/11,12.414286,490
5/10/11,12.480357,491
5/11/11,12.401071,492
5/12/11,12.3775,493
5/13/11,12.160714,494
5/16/11,11.903571,495
5/17/11,12.005,496
5/18/11,12.138214,497
5/19/11,12.161786,498
5/20/11,11.972143,499
5/23/11,11.942857,500
5/24/11,11.863929,501
5/25/11,12.027857,502
5/26/11,11.964286,503
5/27/11,12.050357,504
5/31/11,12.4225,505
6/1/11,12.339643,506
6/2/11,12.360714,507
6/3/11,12.265714,508
6/6/11,12.072857,509
6/7/11,11.858571,510
6/8/11,11.865714,511
6/9/11,11.838929,512
6/10/11,11.639286,513
6/13/11,11.664286,514
6/14/11,11.872857,515
6/15/11,11.669643,516
6/16/11,11.612857,517
6/17/11,11.437857,518
6/20/11,11.261429,519
6/21/11,11.617857,520
6/22/11,11.521786,521
6/23/11,11.829643,522
6/24/11,11.655357,523
6/27/11,11.858571,524
6/28/11,11.973571,525
6/29/11,11.93,526
6/30/11,11.988214,527
7/1/11,12.259286,528
7/5/11,12.479643,529
7/6/11,12.562857,530
7/7/11,12.757143,531
7/8/11,12.846786,532
7/11/11,12.642857,533
7/12/11,12.633929,534
7/13/11,12.786429,535
7/14/11,12.7775,536
7/15/11,13.032857,537
7/18/11,13.35,538
7/19/11,13.458929,539
7/20/11,13.817857,540
7/21/11,13.831786,541
7/22/11,14.046429,542
7/25/11,14.232143,543
7/26/11,14.4075,544
7/27/11,14.021071,545
7/28/11,13.993571,546
7/29/11,13.945714,547
8/1/11,14.169643,548
8/2/11,13.889643,549
8/3/11,14.020357,550
8/4/11,13.4775,551
8/5/11,13.343571,552
8/8/11,12.614643,553
8/9/11,13.3575,554
8/10/11,12.988929,555
8/11/11,13.346429,556
8/12/11,13.463929,557
8/15/11,13.693214,558
8/16/11,13.588571,559
8/17/11,13.587143,560
8/18/11,13.073214,561
8/19/11,12.715357,562
8/22/11,12.73,563
8/23/11,13.342857,564
8/24/11,13.435,565
8/25/11,13.347143,566
8/26/11,13.699286,567
8/29/11,13.9275,568
8/30/11,13.928214,569
8/31/11,13.743929,570
9/1/11,13.608214,571
9/2/11,13.358929,572
9/6/11,13.562143,573
9/7/11,13.711786,574
9/8/11,13.719286,575
9/9/11,13.481429,576
9/12/11,13.569286,577
9/13/11,13.736429,578
9/14/11,13.903571,579
9/15/11,14.034286,580
9/16/11,14.303571,581
9/19/11,14.701071,582
9/20/11,14.766071,583
9/21/11,14.719286,584
9/22/11,14.350714,585
9/23/11,14.439286,586
9/26/11,14.398929,587
9/27/11,14.259286,588
9/28/11,14.178929,589
9/29/11,13.948929,590
9/30/11,13.618571,591
10/3/11,13.378571,592
10/4/11,13.303571,593
10/5/11,13.508929,594
10/6/11,13.4775,595
10/7/11,13.207143,596
10/10/11,13.886071,597
10/11/11,14.296071,598
10/12/11,14.363929,599
10/13/11,14.586786,600
10/14/11,15.071429,601
10/17/11,14.999643,602
10/18/11,15.08,603
10/19/11,14.236429,604
10/20/11,14.118214,605
10/21/11,14.031071,606
10/24/11,14.491786,607
10/25/11,14.206071,608
10/26/11,14.307143,609
10/27/11,14.453214,610
10/28/11,14.4625,611
10/31/11,14.456429,612
11/1/11,14.161071,613
11/2/11,14.193214,614
11/3/11,14.395357,615
11/4/11,14.294286,616
11/7/11,14.276071,617
11/8/11,14.508214,618
11/9/11,14.117143,619
11/10/11,13.757857,620
11/11/11,13.736429,621
11/14/11,13.545,622
11/15/11,13.886786,623
11/16/11,13.741786,624
11/17/11,13.478929,625
11/18/11,13.390714,626
11/21/11,13.178929,627
11/22/11,13.446786,628
11/23/11,13.106786,629
11/25/11,12.984643,630
11/28/11,13.432857,631
11/29/11,13.328571,632
11/30/11,13.65,633
12/1/11,13.854643,634
12/2/11,13.917857,635
12/5/11,14.036071,636
12/6/11,13.9625,637
12/7/11,13.896071,638
12/8/11,13.952143,639
12/9/11,14.057857,640
12/12/11,13.994286,641
12/13/11,13.886071,642
12/14/11,13.578214,643
12/15/11,13.533571,644
12/16/11,13.607857,645
12/19/11,13.650357,646
12/20/11,14.141071,647
12/21/11,14.158929,648
12/22/11,14.233929,649
12/23/11,14.404643,650
12/27/11,14.518929,651
12/28/11,14.38,652
12/29/11,14.468571,653
12/30/11,14.464286,654
1/3/12,14.686786,655
1/4/12,14.765714,656
1/5/12,14.929643,657
1/6/12,15.085714,658
1/9/12,15.061786,659
1/10/12,15.115714,660
1/11/12,15.091071,661
1/12/12,15.049643,662
1/13/12,14.993214,663
1/17/12,15.167857,664
1/18/12,15.325357,665
1/19/12,15.276786,666
1/20/12,15.010714,667
1/23/12,15.264643,668
1/24/12,15.014643,669
1/25/12,15.952143,670
1/26/12,15.879643,671
1/27/12,15.974286,672
1/30/12,16.178928,673
1/31/12,16.302856,674
2/1/12,16.2925,675
2/2/12,16.254286,676
2/3/12,16.417143,677
2/6/12,16.570356,678
2/7/12,16.743929,679
2/8/12,17.024286,680
2/9/12,17.613214,681
2/10/12,17.622143,682
2/13/12,17.950001,683
2/14/12,18.195,684
2/15/12,17.77393,685
2/16/12,17.936071,686
2/17/12,17.932858,687
2/21/12,18.387501,688
2/22/12,18.322857,689
2/23/12,18.442499,690
2/24/12,18.657499,691
2/27/12,18.777143,692
2/28/12,19.121786,693
2/29/12,19.372856,694
3/1/12,19.445356,695
3/2/12,19.470715,696
3/5/12,19.04143,697
3/6/12,18.937857,698
3/7/12,18.953215,699
3/8/12,19.356787,700
3/9/12,19.470358,701
3/12/12,19.714287,702
3/13/12,20.289286,703
3/14/12,21.056429,704
3/15/12,20.912857,705
3/16/12,20.913214,706
3/19/12,21.467857,707
3/20/12,21.64143,708
3/21/12,21.517857,709
3/22/12,21.405001,710
3/23/12,21.2875,711
3/26/12,21.677856,712
3/27/12,21.945715,713
3/28/12,22.057858,714
3/29/12,21.780714,715
3/30/12,21.4125,716
4/2/12,22.093929,717
4/3/12,22.475714,718
4/4/12,22.296785,719
4/5/12,22.63143,720
4/9/12,22.7225,721
4/10/12,22.444286,722
4/11/12,22.364286,723
4/12/12,22.241785,724
4/13/12,21.615356,725
4/16/12,20.718929,726
4/17/12,21.775,727
4/18/12,21.726429,728
4/19/12,20.98,729
4/20/12,20.463572,730
4/23/12,20.417856,731
4/24/12,20.01,732
4/25/12,21.785713,733
4/26/12,21.703571,734
4/27/12,21.535713,735
4/30/12,20.856428,736
5/1/12,20.790358,737
5/2/12,20.927856,738
5/3/12,20.779285,739
5/4/12,20.1875,740
5/7/12,20.338572,741
5/8/12,20.292143,742
5/9/12,20.327856,743
5/10/12,20.375713,744
5/11/12,20.239643,745
5/14/12,19.936428,746
5/15/12,19.756071,747
5/16/12,19.502857,748
5/17/12,18.932858,749
5/18/12,18.942142,750
5/21/12,20.045713,751
5/22/12,19.891787,752
5/23/12,20.377144,753
5/24/12,20.190001,754
5/25/12,20.081785,755
5/29/12,20.438213,756
5/30/12,20.684643,757
5/31/12,20.633215,758
6/1/12,20.035357,759
6/4/12,20.153214,760
6/5/12,20.10107,761
6/6/12,20.409286,762
6/7/12,20.418571,763
6/8/12,20.725714,764
6/11/12,20.39893,765
6/12/12,20.577143,766
6/13/12,20.434286,767
6/14/12,20.411785,768
6/15/12,20.504642,769
6/18/12,20.920713,770
6/19/12,20.97893,771
6/20/12,20.919287,772
6/21/12,20.631071,773
6/22/12,20.789286,774
6/25/12,20.384644,775
6/26/12,20.429644,776
6/27/12,20.517857,777
6/28/12,20.323214,778
6/29/12,20.857143,779
7/2/12,21.161428,780
7/3/12,21.407499,781
7/5/12,21.783571,782
7/6/12,21.638571,783
7/9/12,21.924643,784
7/10/12,21.721786,785
7/11/12,21.586786,786
7/12/12,21.389286,787
7/13/12,21.606071,788
7/16/12,21.675358,789
7/17/12,21.67643,790
7/18/12,21.652143,791
7/19/12,21.940001,792
7/20/12,21.582144,793
7/23/12,21.565357,794
7/24/12,21.46143,795
7/25/12,20.534643,796
7/26/12,20.531429,797
7/27/12,20.898571,798
7/30/12,21.251072,799
7/31/12,21.812857,800
8/1/12,21.671785,801
8/2/12,21.706785,802
8/3/12,21.989286,803
8/6/12,22.233929,804
8/7/12,22.175358,805
8/8/12,22.137857,806
8/9/12,22.168928,807
8/10/12,22.203571,808
8/13/12,22.5,809
8/14/12,22.560356,810
8/15/12,22.529642,811
8/16/12,22.726429,812
8/17/12,23.146786,813
8/20/12,23.755358,814
8/21/12,23.430714,815
8/22/12,23.888214,816
8/23/12,23.665358,817
8/24/12,23.686428,818
8/27/12,24.13143,819
8/28/12,24.1,820
8/29/12,24.0525,821
8/30/12,23.709642,822
8/31/12,23.758572,823
9/4/12,24.106071,824
9/5/12,23.936787,825
9/6/12,24.1525,826
9/7/12,24.30143,827
9/10/12,23.669287,828
9/11/12,23.592501,829
9/12/12,23.92107,830
9/13/12,24.392143,831
9/14/12,24.688572,832
9/17/12,24.992144,833
9/18/12,25.068214,834
9/19/12,25.075001,835
9/20/12,24.953571,836
9/21/12,25.003214,837
9/24/12,24.67107,838
9/25/12,24.055,839
9/26/12,23.75643,840
9/27/12,24.332857,841
9/28/12,23.825001,842
10/1/12,23.549643,843
10/2/12,23.618214,844
10/3/12,23.980356,845
10/4/12,23.814285,846
10/5/12,23.306786,847
10/8/12,22.791786,848
10/9/12,22.708929,849
10/10/12,22.889643,850
10/11/12,22.432142,851
10/12/12,22.489643,852
10/15/12,22.67,853
10/16/12,23.206785,854
10/17/12,23.021786,855
10/18/12,22.594286,856
10/19/12,21.780001,857
10/22/12,22.643929,858
10/23/12,21.905714,859
10/24/12,22.029642,860
10/25/12,21.769285,861
10/26/12,21.571428,862
10/31/12,21.261429,863
11/1/12,21.305,864
11/2/12,20.6,865
11/5/12,20.879286,866
11/6/12,20.816071,867
11/7/12,19.928572,868
11/8/12,19.205357,869
11/9/12,19.537857,870
11/12/12,19.386786,871
11/13/12,19.389286,872
11/14/12,19.174286,873
11/15/12,18.772142,874
11/16/12,18.845715,875
11/19/12,20.204643,876
11/20/12,20.032499,877
11/21/12,20.060715,878
11/23/12,20.410713,879
11/26/12,21.054644,880
11/27/12,20.885,881
11/28/12,20.819286,882
11/29/12,21.048571,883
11/30/12,20.902857,884
12/3/12,20.935356,885
12/4/12,20.566071,886
12/5/12,19.2425,887
12/6/12,19.544287,888
12/7/12,19.044643,889
12/10/12,18.922144,890
12/11/12,19.335358,891
12/12/12,19.25,892
12/13/12,18.9175,893
12/14/12,18.206785,894
12/17/12,18.529642,895
12/18/12,19.067858,896
12/19/12,18.796785,897
12/20/12,18.633215,898
12/21/12,18.547501,899
12/24/12,18.577499,900
12/26/12,18.321428,901
12/27/12,18.395,902
12/28/12,18.199642,903
12/31/12,19.006071,904
1/2/13,19.608213,905
1/3/13,19.360714,906
1/4/13,18.821428,907
1/7/13,18.710714,908
1/8/13,18.76107,909
1/9/13,18.467857,910
1/10/13,18.696787,911
1/11/13,18.582144,912
1/14/13,17.919643,913
1/15/13,17.354286,914
1/16/13,18.074642,915
1/17/13,17.952856,916
1/18/13,17.857143,917
1/22/13,18.0275,918
1/23/13,18.3575,919
1/24/13,16.089287,920
1/25/13,15.71,921
1/28/13,16.065357,922
1/29/13,16.366785,923
1/30/13,16.315357,924
1/31/13,16.2675,925
2/1/13,16.200714,926
2/4/13,15.797143,927
2/5/13,16.351429,928
2/6/13,16.333929,929
2/7/13,16.722143,930
2/8/13,16.963572,931
2/11/13,17.140356,932
2/12/13,16.710714,933
2/13/13,16.678928,934
2/14/13,16.663929,935
2/15/13,16.434286,936
2/19/13,16.428213,937
2/20/13,16.030357,938
2/21/13,15.930714,939
2/22/13,16.100357,940
2/25/13,15.814286,941
2/26/13,16.034643,942
2/27/13,15.8775,943
2/28/13,15.764286,944
3/1/13,15.373929,945
3/4/13,15.001786,946
3/5/13,15.397857,947
3/6/13,15.202143,948
3/7/13,15.377857,949
3/8/13,15.418571,950
3/11/13,15.638214,951
3/12/13,15.301071,952
3/13/13,15.298214,953
3/14/13,15.446429,954
3/15/13,15.845,955
3/18/13,16.275715,956
3/19/13,16.231787,957
3/20/13,16.145714,958
3/21/13,16.168928,959
3/22/13,16.496786,960
3/25/13,16.556429,961
3/26/13,16.469286,962
3/27/13,16.145714,963
3/28/13,15.809286,964
4/1/13,15.318214,965
4/2/13,15.349643,966
4/3/13,15.428214,967
4/4/13,15.275714,968
4/5/13,15.114286,969
4/8/13,15.221786,970
4/9/13,15.249286,971
4/10/13,15.560357,972
4/11/13,15.511786,973
4/12/13,15.35,974
4/15/13,14.994643,975
4/16/13,15.222857,976
4/17/13,14.385714,977
4/18/13,14.001786,978
4/19/13,13.9475,979
4/22/13,14.238214,980
4/23/13,14.504643,981
4/24/13,14.480714,982
4/25/13,14.585,983
4/26/13,14.9,984
4/29/13,15.361429,985
4/30/13,15.813571,986
5/1/13,15.688929,987
5/2/13,15.911429,988
5/3/13,16.070715,989
5/6/13,16.45393,990
5/7/13,16.380714,991
5/8/13,16.565714,992
5/9/13,16.313213,993
5/10/13,16.1775,994
5/13/13,16.240713,995
5/14/13,15.852143,996
5/15/13,15.316071,997
5/16/13,15.520714,998
5/17/13,15.473571,999
5/20/13,15.818929,1000
5/21/13,15.702143,1001
5/22/13,15.7625,1002
5/23/13,15.790714,1003
5/24/13,15.898214,1004
5/28/13,15.765714,1005
5/29/13,15.891071,1006
5/30/13,16.127857,1007
5/31/13,16.061787,1008
6/3/13,16.097143,1009
6/4/13,16.046785,1010
6/5/13,15.896786,1011
6/6/13,15.659286,1012
6/7/13,15.778929,1013
6/10/13,15.674643,1014
6/11/13,15.628571,1015
6/12/13,15.435357,1016
6/13/13,15.57,1017
6/14/13,15.358929,1018
6/17/13,15.428571,1019
6/18/13,15.420357,1020
6/19/13,15.107143,1021
6/20/13,14.887143,1022
6/21/13,14.767857,1023
6/24/13,14.376429,1024
6/25/13,14.379643,1025
6/26/13,14.216786,1026
6/27/13,14.063571,1027
6/28/13,14.161786,1028
7/1/13,14.615,1029
7/2/13,14.946071,1030
7/3/13,15.028571,1031
7/5/13,14.907857,1032
7/8/13,14.823214,1033
7/9/13,15.083929,1034
7/10/13,15.026071,1035
7/11/13,15.260357,1036
7/12/13,15.2325,1037
7/15/13,15.265714,1038
7/16/13,15.364286,1039
7/17/13,15.368214,1040
7/18/13,15.42,1041
7/19/13,15.176786,1042
7/22/13,15.225357,1043
7/23/13,14.963929,1044
7/24/13,15.7325,1045
7/25/13,15.660714,1046
7/26/13,15.749643,1047
7/29/13,15.9925,1048
7/30/13,16.190001,1049
7/31/13,16.161785,1050
8/1/13,16.309999,1051
8/2/13,16.519285,1052
8/5/13,16.766071,1053
8/6/13,16.616072,1054
8/7/13,16.606428,1055
8/8/13,16.464643,1056
8/9/13,16.230356,1057
8/12/13,16.691429,1058
8/13/13,17.484644,1059
8/14/13,17.803572,1060
8/15/13,17.782499,1061
8/16/13,17.940357,1062
8/19/13,18.133572,1063
8/20/13,17.895357,1064
8/21/13,17.941429,1065
8/22/13,17.962856,1066
8/23/13,17.893572,1067
8/26/13,17.963215,1068
8/27/13,17.449642,1069
8/28/13,17.532143,1070
8/29/13,17.560715,1071
8/30/13,17.400715,1072
9/3/13,17.449286,1073
9/4/13,17.810356,1074
9/5/13,17.688213,1075
9/6/13,17.793571,1076
9/9/13,18.077499,1077
9/10/13,17.665714,1078
9/11/13,16.70393,1079
9/12/13,16.881786,1080
9/13/13,16.603571,1081
9/16/13,16.075714,1082
9/17/13,16.261429,1083
9/18/13,16.595715,1084
9/19/13,16.867857,1085
9/20/13,16.693214,1086
9/23/13,17.522858,1087
9/24/13,17.467857,1088
9/25/13,17.1975,1089
9/26/13,17.365,1090
9/27/13,17.241072,1091
9/30/13,17.026787,1092
10/1/13,17.427143,1093
10/2/13,17.484285,1094
10/3/13,17.264643,1095
10/4/13,17.251072,1096
10/7/13,17.419643,1097
10/8/13,17.17643,1098
10/9/13,17.378214,1099
10/10/13,17.487143,1100
10/11/13,17.600357,1101
10/14/13,17.715714,1102
10/15/13,17.809999,1103
10/16/13,17.896786,1104
10/17/13,18.017857,1105
10/18/13,18.174643,1106
10/21/13,18.620001,1107
10/22/13,18.566786,1108
10/23/13,18.748571,1109
10/24/13,18.996786,1110
10/25/13,18.784286,1111
10/28/13,18.924286,1112
10/29/13,18.452856,1113
10/30/13,18.746429,1114
10/31/13,18.667856,1115
11/1/13,18.5725,1116
11/4/13,18.8125,1117
11/5/13,18.766071,1118
11/6/13,18.604286,1119
11/7/13,18.303213,1120
11/8/13,18.591429,1121
11/11/13,18.5375,1122
11/12/13,18.571787,1123
11/13/13,18.593929,1124
11/14/13,18.862858,1125
11/15/13,18.749643,1126
11/18/13,18.522499,1127
11/19/13,18.555357,1128
11/20/13,18.392857,1129
11/21/13,18.612143,1130
11/22/13,18.564285,1131
11/25/13,18.705,1132
11/26/13,19.049999,1133
11/27/13,19.498571,1134
11/29/13,19.859644,1135
12/2/13,19.686787,1136
12/3/13,20.225714,1137
12/4/13,20.178572,1138
12/5/13,20.282143,1139
12/6/13,20.000713,1140
12/9/13,20.229643,1141
12/10/13,20.198214,1142
12/11/13,20.048571,1143
12/12/13,20.019285,1144
12/13/13,19.801071,1145
12/16/13,19.910713,1146
12/17/13,19.821072,1147
12/18/13,19.670357,1148
12/19/13,19.445,1149
12/20/13,19.607857,1150
12/23/13,20.360357,1151
12/24/13,20.27393,1152
12/26/13,20.139286,1153
12/27/13,20.003214,1154
12/30/13,19.804285,1155
12/31/13,20.036428,1156
1/2/14,19.754642,1157
1/3/14,19.320715,1158
1/6/14,19.426071,1159
1/7/14,19.287144,1160
1/8/14,19.409286,1161
1/9/14,19.161428,1162
1/10/14,19.033571,1163
1/13/14,19.133215,1164
1/14/14,19.513929,1165
1/15/14,19.905714,1166
1/16/14,19.794643,1167
1/17/14,19.309643,1168
1/21/14,19.609644,1169
1/22/14,19.696787,1170
1/23/14,19.863571,1171
1/24/14,19.502501,1172
1/27/14,19.660713,1173
1/28/14,18.089287,1174
1/29/14,17.883928,1175
1/30/14,17.849285,1176
1/31/14,17.878571,1177
2/3/14,17.911785,1178
2/4/14,18.17107,1179
2/5/14,18.306786,1180
2/6/14,18.303928,1181
2/7/14,18.559999,1182
2/10/14,18.8925,1183
2/11/14,19.14143,1184
2/12/14,19.139999,1185
2/13/14,19.44393,1186
2/14/14,19.428213,1187
2/18/14,19.499643,1188
2/19/14,19.191786,1189
2/20/14,18.969643,1190
2/21/14,18.758928,1191
2/24/14,18.84107,1192
2/25/14,18.645,1193
2/26/14,18.476786,1194
2/27/14,18.845358,1195
2/28/14,18.794287,1196
3/3/14,18.848572,1197
3/4/14,18.972857,1198
3/5/14,19.012857,1199
3/6/14,18.955357,1200
3/7/14,18.944286,1201
3/10/14,18.96143,1202
3/11/14,19.14607,1203
3/12/14,19.164642,1204
3/13/14,18.951786,1205
3/14/14,18.73893,1206
3/17/14,18.812143,1207
3/18/14,18.978571,1208
3/19/14,18.973572,1209
3/20/14,18.882143,1210
3/21/14,19.031071,1211
3/24/14,19.256786,1212
3/25/14,19.463928,1213
3/26/14,19.277857,1214
3/27/14,19.195,1215
3/28/14,19.173571,1216
3/31/14,19.169287,1217
4/1/14,19.344643,1218
4/2/14,19.376785,1219
4/3/14,19.2425,1220
4/4/14,18.99357,1221
4/7/14,18.695356,1222
4/8/14,18.694286,1223
4/9/14,18.940001,1224
4/10/14,18.695715,1225
4/11/14,18.557501,1226
4/14/14,18.63143,1227
4/15/14,18.498571,1228
4/16/14,18.536072,1229
4/17/14,18.747856,1230
4/21/14,18.970358,1231
4/22/14,18.989286,1232
4/23/14,18.741072,1233
4/24/14,20.2775,1234
4/25/14,20.42643,1235
4/28/14,21.217501,1236
4/29/14,21.154642,1237
4/30/14,21.074642,1238
5/1/14,21.124287,1239
5/2/14,21.16357,1240
5/5/14,21.462856,1241
5/6/14,21.22893,1242
5/7/14,21.154642,1243
5/8/14,20.999643,1244
5/9/14,20.912144,1245
5/12/14,21.172501,1246
5/13/14,21.205713,1247
5/14/14,21.209642,1248
5/15/14,21.029285,1249
5/16/14,21.339643,1250
5/19/14,21.592501,1251
5/20/14,21.596786,1252
5/21/14,21.653929,1253
5/22/14,21.688213,1254
5/23/14,21.933214,1255
5/27/14,22.343929,1256
5/28/14,22.286072,1257
5/29/14,22.692142,1258
5/30/14,22.607143,1259
6/2/14,22.451786,1260
6/3/14,22.769285,1261
6/4/14,23.029285,1262
6/5/14,23.119642,1263
6/6/14,23.05607,1264
6/9/14,23.424999,1265
6/10/14,23.5625,1266
6/11/14,23.465,1267
6/12/14,23.0725,1268
6/13/14,22.82,1269
6/16/14,23.049999,1270
6/17/14,23.02,1271
6/18/14,23.045,1272
6/19/14,22.965,1273
6/20/14,22.727501,1274
6/23/14,22.7075,1275
6/24/14,22.57,1276
6/25/14,22.59,1277
6/26/14,22.725,1278
6/27/14,22.995001,1279
6/30/14,23.2325,1280
7/1/14,23.379999,1281
7/2/14,23.370001,1282
7/3/14,23.5075,1283
7/7/14,23.9925,1284
7/8/14,23.8375,1285
7/9/14,23.8475,1286
7/10/14,23.76,1287
7/11/14,23.805,1288
7/14/14,24.112499,1289
7/15/14,23.83,1290
7/16/14,23.695,1291
7/17/14,23.272499,1292
7/18/14,23.6075,1293
7/21/14,23.485001,1294
7/22/14,23.68,1295
7/23/14,24.297501,1296
7/24/14,24.2575,1297
7/25/14,24.4175,1298
7/28/14,24.754999,1299
7/29/14,24.594999,1300
7/30/14,24.5375,1301
7/31/14,23.9,1302
8/1/14,24.032499,1303
8/4/14,23.897499,1304
8/5/14,23.780001,1305
8/6/14,23.74,1306
8/7/14,23.620001,1307
8/8/14,23.684999,1308
8/11/14,23.997499,1309
8/12/14,23.9925,1310
8/13/14,24.309999,1311
8/14/14,24.375,1312
8/15/14,24.495001,1313
8/18/14,24.790001,1314
8/19/14,25.1325,1315
8/20/14,25.1425,1316
8/21/14,25.145,1317
8/22/14,25.33,1318
8/25/14,25.385,1319
8/26/14,25.2225,1320
8/27/14,25.532499,1321
8/28/14,25.5625,1322
8/29/14,25.625,1323
9/2/14,25.825001,1324
9/3/14,24.735001,1325
9/4/14,24.530001,1326
9/5/14,24.7425,1327
9/8/14,24.59,1328
9/9/14,24.497499,1329
9/10/14,25.25,1330
9/11/14,25.3575,1331
9/12/14,25.415001,1332
9/15/14,25.407499,1333
9/16/14,25.215,1334
9/17/14,25.395,1335
9/18/14,25.4475,1336
9/19/14,25.24,1337
9/22/14,25.264999,1338
9/23/14,25.66,1339
9/24/14,25.4375,1340
9/25/14,24.467501,1341
9/26/14,25.1875,1342
9/29/14,25.0275,1343
9/30/14,25.1875,1344
10/1/14,24.795,1345
10/2/14,24.975,1346
10/3/14,24.905001,1347
10/6/14,24.905001,1348
10/7/14,24.6875,1349
10/8/14,25.200001,1350
10/9/14,25.254999,1351
10/10/14,25.182501,1352
10/13/14,24.952499,1353
10/14/14,24.6875,1354
10/15/14,24.385,1355
10/16/14,24.065001,1356
10/17/14,24.4175,1357
10/20/14,24.940001,1358
10/21/14,25.6175,1359
10/22/14,25.747499,1360
10/23/14,26.2075,1361
10/24/14,26.305,1362
10/27/14,26.2775,1363
10/28/14,26.684999,1364
10/29/14,26.834999,1365
10/30/14,26.745001,1366
10/31/14,27,1367
11/3/14,27.35,1368
11/4/14,27.15,1369
11/5/14,27.215,1370
11/6/14,27.174999,1371
11/7/14,27.252501,1372
11/10/14,27.2075,1373
11/11/14,27.424999,1374
11/12/14,27.8125,1375
11/13/14,28.205,1376
11/14/14,28.545,1377
11/17/14,28.497499,1378
11/18/14,28.8675,1379
11/19/14,28.6675,1380
11/20/14,29.077499,1381
11/21/14,29.1175,1382
11/24/14,29.657499,1383
11/25/14,29.4,1384
11/26/14,29.75,1385
11/28/14,29.7325,1386
12/1/14,28.7675,1387
12/2/14,28.657499,1388
12/3/14,28.9825,1389
12/4/14,28.872499,1390
12/5/14,28.75,1391
12/8/14,28.1,1392
12/9/14,28.530001,1393
12/10/14,27.987499,1394
12/11/14,27.905001,1395
12/12/14,27.432501,1396
12/15/14,27.057501,1397
12/16/14,26.6875,1398
12/17/14,27.352501,1399
12/18/14,28.1625,1400
12/19/14,27.945,1401
12/22/14,28.235001,1402
12/23/14,28.135,1403
12/24/14,28.002501,1404
12/26/14,28.497499,1405
12/29/14,28.477501,1406
12/30/14,28.129999,1407
12/31/14,27.594999,1408
1/2/15,27.3325,1409
1/5/15,26.5625,1410
1/6/15,26.565001,1411
1/7/15,26.9375,1412
1/8/15,27.9725,1413
1/9/15,28.002501,1414
1/12/15,27.3125,1415
1/13/15,27.555,1416
1/14/15,27.450001,1417
1/15/15,26.705,1418
1/16/15,26.497499,1419
1/20/15,27.18,1420
1/21/15,27.387501,1421
1/22/15,28.1,1422
1/23/15,28.245001,1423
1/26/15,28.275,1424
1/27/15,27.285,1425
1/28/15,28.827499,1426
1/29/15,29.725,1427
1/30/15,29.290001,1428
2/2/15,29.657499,1429
2/3/15,29.6625,1430
2/4/15,29.889999,1431
2/5/15,29.985001,1432
2/6/15,29.7325,1433
2/9/15,29.93,1434
2/10/15,30.504999,1435
2/11/15,31.219999,1436
2/12/15,31.615,1437
2/13/15,31.77,1438
2/17/15,31.9575,1439
2/18/15,32.18,1440
2/19/15,32.112499,1441
2/20/15,32.375,1442
2/23/15,33.25,1443
2/24/15,33.0425,1444
2/25/15,32.197498,1445
2/26/15,32.605,1446
2/27/15,32.115002,1447
3/2/15,32.272499,1448
3/3/15,32.34,1449
3/4/15,32.134998,1450
3/5/15,31.602501,1451
3/6/15,31.65,1452
3/9/15,31.785,1453
3/10/15,31.127501,1454
3/11/15,30.559999,1455
3/12/15,31.112499,1456
3/13/15,30.897499,1457
3/16/15,31.237499,1458
3/17/15,31.76,1459
3/18/15,32.1175,1460
3/19/15,31.875,1461
3/20/15,31.475,1462
3/23/15,31.8025,1463
3/24/15,31.672501,1464
3/25/15,30.844999,1465
3/26/15,31.059999,1466
3/27/15,30.8125,1467
3/30/15,31.592501,1468
3/31/15,31.1075,1469
4/1/15,31.0625,1470
4/2/15,31.33,1471
4/6/15,31.8375,1472
4/7/15,31.502501,1473
4/8/15,31.4,1474
4/9/15,31.639999,1475
4/10/15,31.775,1476
4/13/15,31.7125,1477
4/14/15,31.575001,1478
4/15/15,31.695,1479
4/16/15,31.5425,1480
4/17/15,31.1875,1481
4/20/15,31.9,1482
4/21/15,31.727501,1483
4/22/15,32.154999,1484
4/23/15,32.4175,1485
4/24/15,32.57,1486
4/27/15,33.162498,1487
4/28/15,32.639999,1488
4/29/15,32.16,1489
4/30/15,31.2875,1490
5/1/15,32.237499,1491
5/4/15,32.174999,1492
5/5/15,31.450001,1493
5/6/15,31.252501,1494
5/7/15,31.315001,1495
5/8/15,31.905001,1496
5/11/15,31.58,1497
5/12/15,31.467501,1498
5/13/15,31.502501,1499
5/14/15,32.237499,1500
5/15/15,32.192501,1501
5/18/15,32.547501,1502
5/19/15,32.517502,1503
5/20/15,32.514999,1504
5/21/15,32.8475,1505
5/22/15,33.134998,1506
5/26/15,32.404999,1507
5/27/15,33.009998,1508
5/28/15,32.945,1509
5/29/15,32.57,1510
6/1/15,32.634998,1511
6/2/15,32.490002,1512
6/3/15,32.529999,1513
6/4/15,32.34,1514
6/5/15,32.162498,1515
6/8/15,31.950001,1516
6/9/15,31.855,1517
6/10/15,32.220001,1518
6/11/15,32.147499,1519
6/12/15,31.7925,1520
6/15/15,31.73,1521
6/16/15,31.9,1522
6/17/15,31.825001,1523
6/18/15,31.969999,1524
6/19/15,31.65,1525
6/22/15,31.9025,1526
6/23/15,31.7575,1527
6/24/15,32.0275,1528
6/25/15,31.875,1529
6/26/15,31.6875,1530
6/29/15,31.1325,1531
6/30/15,31.3575,1532
7/1/15,31.65,1533
7/2/15,31.610001,1534
7/6/15,31.5,1535
7/7/15,31.422501,1536
7/8/15,30.6425,1537
7/9/15,30.0175,1538
7/10/15,30.82,1539
7/13/15,31.415001,1540
7/14/15,31.4025,1541
7/15/15,31.705,1542
7/16/15,32.127499,1543
7/17/15,32.404999,1544
7/20/15,33.017502,1545
7/21/15,32.6875,1546
7/22/15,31.305,1547
7/23/15,31.290001,1548
7/24/15,31.125,1549
7/27/15,30.692499,1550
7/28/15,30.844999,1551
7/29/15,30.747499,1552
7/30/15,30.592501,1553
7/31/15,30.325001,1554
8/3/15,29.610001,1555
8/4/15,28.66,1556
8/5/15,28.85,1557
8/6/15,28.782499,1558
8/7/15,28.879999,1559
8/10/15,29.93,1560
8/11/15,28.372499,1561
8/12/15,28.809999,1562
8/13/15,28.7875,1563
8/14/15,28.99,1564
8/17/15,29.290001,1565
8/18/15,29.125,1566
8/19/15,28.752501,1567
8/20/15,28.1625,1568
8/21/15,26.440001,1569
8/24/15,25.780001,1570
8/25/15,25.934999,1571
8/26/15,27.422501,1572
8/27/15,28.23,1573
8/28/15,28.3225,1574
8/31/15,28.190001,1575
9/1/15,26.93,1576
9/2/15,28.084999,1577
9/3/15,27.592501,1578
9/4/15,27.317499,1579
9/8/15,28.077499,1580
9/9/15,27.5375,1581
9/10/15,28.1425,1582
9/11/15,28.5525,1583
9/14/15,28.827499,1584
9/15/15,29.07,1585
9/16/15,29.102501,1586
9/17/15,28.48,1587
9/18/15,28.362499,1588
9/21/15,28.8025,1589
9/22/15,28.35,1590
9/23/15,28.58,1591
9/24/15,28.75,1592
9/25/15,28.6775,1593
9/28/15,28.110001,1594
9/29/15,27.264999,1595
9/30/15,27.575001,1596
10/1/15,27.395,1597
10/2/15,27.594999,1598
10/5/15,27.695,1599
10/6/15,27.827499,1600
10/7/15,27.695,1601
10/8/15,27.375,1602
10/9/15,28.030001,1603
10/12/15,27.9,1604
10/13/15,27.9475,1605
10/14/15,27.5525,1606
10/15/15,27.965,1607
10/16/15,27.76,1608
10/19/15,27.932501,1609
10/20/15,28.442499,1610
10/21/15,28.440001,1611
10/22/15,28.875,1612
10/23/15,29.77,1613
10/26/15,28.82,1614
10/27/15,28.637501,1615
10/28/15,29.817499,1616
10/29/15,30.1325,1617
10/30/15,29.875,1618
11/2/15,30.295,1619
11/3/15,30.6425,1620
11/4/15,30.5,1621
11/5/15,30.23,1622
11/6/15,30.264999,1623
11/9/15,30.1425,1624
11/10/15,29.192499,1625
11/11/15,29.0275,1626
11/12/15,28.93,1627
11/13/15,28.084999,1628
11/16/15,28.545,1629
11/17/15,28.422501,1630
11/18/15,29.3225,1631
11/19/15,29.695,1632
11/20/15,29.825001,1633
11/23/15,29.4375,1634
11/24/15,29.719999,1635
11/25/15,29.5075,1636
11/27/15,29.452499,1637
11/30/15,29.575001,1638
12/1/15,29.334999,1639
12/2/15,29.07,1640
12/3/15,28.799999,1641
12/4/15,29.7575,1642
12/7/15,29.57,1643
12/8/15,29.557501,1644
12/9/15,28.905001,1645
12/10/15,29.0425,1646
12/11/15,28.295,1647
12/14/15,28.120001,1648
12/15/15,27.622499,1649
12/16/15,27.834999,1650
12/17/15,27.245001,1651
12/18/15,26.5075,1652
12/21/15,26.8325,1653
12/22/15,26.807501,1654
12/23/15,27.1525,1655
12/24/15,27.0075,1656
12/28/15,26.705,1657
12/29/15,27.184999,1658
12/30/15,26.83,1659
12/31/15,26.315001,1660
1/4/16,26.3375,1661
1/5/16,25.6775,1662
1/6/16,25.174999,1663
1/7/16,24.112499,1664
1/8/16,24.24,1665
1/11/16,24.6325,1666
1/12/16,24.99,1667
1/13/16,24.3475,1668
1/14/16,24.879999,1669
1/15/16,24.282499,1670
1/19/16,24.165001,1671
1/20/16,24.1975,1672
1/21/16,24.075001,1673
1/22/16,25.355,1674
1/25/16,24.860001,1675
1/26/16,24.997499,1676
1/27/16,23.355,1677
1/28/16,23.522499,1678
1/29/16,24.334999,1679
2/1/16,24.1075,1680
2/2/16,23.620001,1681
2/3/16,24.0875,1682
2/4/16,24.15,1683
2/5/16,23.504999,1684
2/8/16,23.752501,1685
2/9/16,23.747499,1686
2/10/16,23.567499,1687
2/11/16,23.424999,1688
2/12/16,23.497499,1689
2/16/16,24.16,1690
2/17/16,24.530001,1691
2/18/16,24.065001,1692
2/19/16,24.01,1693
2/22/16,24.219999,1694
2/23/16,23.672501,1695
2/24/16,24.025,1696
2/25/16,24.190001,1697
2/26/16,24.227501,1698
2/29/16,24.172501,1699
3/1/16,25.1325,1700
3/2/16,25.1875,1701
3/3/16,25.375,1702
3/4/16,25.752501,1703
3/7/16,25.467501,1704
3/8/16,25.2575,1705
3/9/16,25.280001,1706
3/10/16,25.2925,1707
3/11/16,25.565001,1708
3/14/16,25.629999,1709
3/15/16,26.145,1710
3/16/16,26.4925,1711
3/17/16,26.450001,1712
3/18/16,26.48,1713
3/21/16,26.477501,1714
3/22/16,26.68,1715
3/23/16,26.532499,1716
3/24/16,26.4175,1717
3/28/16,26.297501,1718
3/29/16,26.92,1719
3/30/16,27.389999,1720
3/31/16,27.247499,1721
4/1/16,27.497499,1722
4/4/16,27.780001,1723
4/5/16,27.452499,1724
4/6/16,27.74,1725
4/7/16,27.135,1726
4/8/16,27.165001,1727
4/11/16,27.254999,1728
4/12/16,27.610001,1729
4/13/16,28.01,1730
4/14/16,28.025,1731
4/15/16,27.4625,1732
4/18/16,26.870001,1733
4/19/16,26.727501,1734
4/20/16,26.782499,1735
4/21/16,26.4925,1736
4/22/16,26.42,1737
4/25/16,26.27,1738
4/26/16,26.0875,1739
4/27/16,24.455,1740
4/28/16,23.7075,1741
4/29/16,23.434999,1742
5/2/16,23.41,1743
5/3/16,23.795,1744
5/4/16,23.547501,1745
5/5/16,23.309999,1746
5/6/16,23.18,1747
5/9/16,23.1975,1748
5/10/16,23.355,1749
5/11/16,23.127501,1750
5/12/16,22.584999,1751
5/13/16,22.629999,1752
5/16/16,23.469999,1753
5/17/16,23.372499,1754
5/18/16,23.639999,1755
5/19/16,23.549999,1756
5/20/16,23.805,1757
5/23/16,24.1075,1758
5/24/16,24.475,1759
5/25/16,24.905001,1760
5/26/16,25.102501,1761
5/27/16,25.0875,1762
5/31/16,24.965,1763
6/1/16,24.615,1764
6/2/16,24.43,1765
6/3/16,24.48,1766
6/6/16,24.657499,1767
6/7/16,24.7575,1768
6/8/16,24.735001,1769
6/9/16,24.9125,1770
6/10/16,24.7075,1771
6/13/16,24.334999,1772
6/14/16,24.365,1773
6/15/16,24.285,1774
6/16/16,24.387501,1775
6/17/16,23.8325,1776
6/20/16,23.775,1777
6/21/16,23.977501,1778
6/22/16,23.887501,1779
6/23/16,24.025,1780
6/24/16,23.35,1781
6/27/16,23.01,1782
6/28/16,23.397499,1783
6/29/16,23.6,1784
6/30/16,23.9,1785
7/1/16,23.9725,1786
7/5/16,23.747499,1787
7/6/16,23.8825,1788
7/7/16,23.985001,1789
7/8/16,24.17,1790
7/11/16,24.245001,1791
7/12/16,24.355,1792
7/13/16,24.217501,1793
7/14/16,24.6975,1794
7/15/16,24.695,1795
7/18/16,24.9575,1796
7/19/16,24.967501,1797
7/20/16,24.99,1798
7/21/16,24.8575,1799
7/22/16,24.665001,1800
7/25/16,24.334999,1801
7/26/16,24.1675,1802
7/27/16,25.737499,1803
7/28/16,26.084999,1804
7/29/16,26.0525,1805
8/1/16,26.512501,1806
8/2/16,26.120001,1807
8/3/16,26.4475,1808
8/4/16,26.467501,1809
8/5/16,26.870001,1810
8/8/16,27.092501,1811
8/9/16,27.202499,1812
8/10/16,27,1813
8/11/16,26.9825,1814
8/12/16,27.045,1815
8/15/16,27.370001,1816
8/16/16,27.344999,1817
8/17/16,27.305,1818
8/18/16,27.27,1819
8/19/16,27.34,1820
8/22/16,27.127501,1821
8/23/16,27.2125,1822
8/24/16,27.0075,1823
8/25/16,26.8925,1824
8/26/16,26.735001,1825
8/29/16,26.705,1826
8/30/16,26.5,1827
8/31/16,26.525,1828
9/1/16,26.682501,1829
9/2/16,26.932501,1830
9/6/16,26.924999,1831
9/7/16,27.09,1832
9/8/16,26.379999,1833
9/9/16,25.782499,1834
9/12/16,26.360001,1835
9/13/16,26.987499,1836
9/14/16,27.942499,1837
9/15/16,28.8925,1838
9/16/16,28.73,1839
9/19/16,28.395,1840
9/20/16,28.3925,1841
9/21/16,28.387501,1842
9/22/16,28.655001,1843
9/23/16,28.1775,1844
9/26/16,28.219999,1845
9/27/16,28.272499,1846
9/28/16,28.487499,1847
9/29/16,28.045,1848
9/30/16,28.262501,1849
10/3/16,28.129999,1850
10/4/16,28.25,1851
10/5/16,28.262501,1852
10/6/16,28.4725,1853
10/7/16,28.514999,1854
10/10/16,29.012501,1855
10/11/16,29.075001,1856
10/12/16,29.334999,1857
10/13/16,29.245001,1858
10/14/16,29.407499,1859
10/17/16,29.387501,1860
10/18/16,29.3675,1861
10/19/16,29.280001,1862
10/20/16,29.264999,1863
10/21/16,29.15,1864
10/24/16,29.4125,1865
10/25/16,29.5625,1866
10/26/16,28.897499,1867
10/27/16,28.620001,1868
10/28/16,28.43,1869
10/31/16,28.385,1870
11/1/16,27.872499,1871
11/2/16,27.897499,1872
11/3/16,27.4575,1873
11/4/16,27.209999,1874
11/7/16,27.602501,1875
11/8/16,27.764999,1876
11/9/16,27.719999,1877
11/10/16,26.9475,1878
11/11/16,27.1075,1879
11/14/16,26.4275,1880
11/15/16,26.7775,1881
11/16/16,27.497499,1882
11/17/16,27.487499,1883
11/18/16,27.514999,1884
11/21/16,27.932501,1885
11/22/16,27.950001,1886
11/23/16,27.807501,1887
11/25/16,27.9475,1888
11/28/16,27.8925,1889
11/29/16,27.865,1890
11/30/16,27.629999,1891
12/1/16,27.372499,1892
12/2/16,27.475,1893
12/5/16,27.2775,1894
12/6/16,27.487499,1895
12/7/16,27.7575,1896
12/8/16,28.030001,1897
12/9/16,28.487499,1898
12/12/16,28.325001,1899
12/13/16,28.797501,1900
12/14/16,28.797501,1901
12/15/16,28.955,1902
12/16/16,28.9925,1903
12/19/16,29.16,1904
12/20/16,29.237499,1905
12/21/16,29.264999,1906
12/22/16,29.0725,1907
12/23/16,29.129999,1908
12/27/16,29.315001,1909
12/28/16,29.190001,1910
12/29/16,29.182501,1911
12/30/16,28.955,1912
1/3/17,29.0375,1913
1/4/17,29.004999,1914
1/5/17,29.1525,1915
1/6/17,29.477501,1916
1/9/17,29.747499,1917
1/10/17,29.7775,1918
1/11/17,29.9375,1919
1/12/17,29.8125,1920
1/13/17,29.76,1921
1/17/17,30,1922
1/18/17,29.997499,1923
1/19/17,29.945,1924
1/20/17,30,1925
1/23/17,30.02,1926
1/24/17,29.9925,1927
1/25/17,30.469999,1928
1/26/17,30.485001,1929
1/27/17,30.487499,1930
1/30/17,30.407499,1931
1/31/17,30.3375,1932
2/1/17,32.1875,1933
2/2/17,32.1325,1934
2/3/17,32.27,1935
2/6/17,32.572498,1936
2/7/17,32.8825,1937
2/8/17,33.009998,1938
2/9/17,33.105,1939
2/10/17,33.029999,1940
2/13/17,33.322498,1941
2/14/17,33.755001,1942
2/15/17,33.877499,1943
2/16/17,33.837502,1944
2/17/17,33.93,1945
2/21/17,34.174999,1946
2/22/17,34.2775,1947
2/23/17,34.1325,1948
2/24/17,34.165001,1949
2/27/17,34.232498,1950
2/28/17,34.247501,1951
3/1/17,34.947498,1952
3/2/17,34.740002,1953
3/3/17,34.945,1954
3/6/17,34.834999,1955
3/7/17,34.880001,1956
3/8/17,34.75,1957
3/9/17,34.669998,1958
3/10/17,34.785,1959
3/13/17,34.799999,1960
3/14/17,34.747501,1961
3/15/17,35.115002,1962
3/16/17,35.172501,1963
3/17/17,34.997501,1964
3/20/17,35.365002,1965
3/21/17,34.959999,1966
3/22/17,35.355,1967
3/23/17,35.23,1968
3/24/17,35.16,1969
3/27/17,35.220001,1970
3/28/17,35.950001,1971
3/29/17,36.029999,1972
3/30/17,35.982498,1973
3/31/17,35.915001,1974
4/3/17,35.924999,1975
4/4/17,36.192501,1976
4/5/17,36.005001,1977
4/6/17,35.915001,1978
4/7/17,35.834999,1979
4/10/17,35.7925,1980
4/11/17,35.407501,1981
4/12/17,35.450001,1982
4/13/17,35.262501,1983
4/17/17,35.4575,1984
4/18/17,35.299999,1985
4/19/17,35.169998,1986
4/20/17,35.610001,1987
4/21/17,35.567501,1988
4/24/17,35.91,1989
4/25/17,36.1325,1990
4/26/17,35.919998,1991
4/27/17,35.947498,1992
4/28/17,35.912498,1993
5/1/17,36.645,1994
5/2/17,36.877499,1995
5/3/17,36.764999,1996
5/4/17,36.6325,1997
5/5/17,37.240002,1998
5/8/17,38.252499,1999
5/9/17,38.497501,2000
5/10/17,38.314999,2001
5/11/17,38.487499,2002
5/12/17,39.025002,2003
5/15/17,38.924999,2004
5/16/17,38.8675,2005
5/17/17,37.5625,2006
5/18/17,38.134998,2007
5/19/17,38.264999,2008
5/22/17,38.497501,2009
5/23/17,38.450001,2010
5/24/17,38.334999,2011
5/25/17,38.467499,2012
5/26/17,38.4025,2013
5/30/17,38.4175,2014
5/31/17,38.189999,2015
6/1/17,38.294998,2016
6/2/17,38.862499,2017
6/5/17,38.482498,2018
6/6/17,38.612499,2019
6/7/17,38.842499,2020
6/8/17,38.747501,2021
6/9/17,37.244999,2022
6/12/17,36.355,2023
6/13/17,36.647499,2024
6/14/17,36.290001,2025
6/15/17,36.072498,2026
6/16/17,35.567501,2027
6/19/17,36.584999,2028
6/20/17,36.252499,2029
6/21/17,36.467499,2030
6/22/17,36.407501,2031
6/23/17,36.57,2032
6/26/17,36.455002,2033
6/27/17,35.932499,2034
6/28/17,36.4575,2035
6/29/17,35.919998,2036
6/30/17,36.005001,2037
7/3/17,35.875,2038
7/5/17,36.022499,2039
7/6/17,35.682499,2040
7/7/17,36.044998,2041
7/10/17,36.264999,2042
7/11/17,36.3825,2043
7/12/17,36.435001,2044
7/13/17,36.942501,2045
7/14/17,37.259998,2046
7/17/17,37.389999,2047
7/18/17,37.52,2048
7/19/17,37.755001,2049
7/20/17,37.584999,2050
7/21/17,37.567501,2051
7/24/17,38.022499,2052
7/25/17,38.185001,2053
7/26/17,38.365002,2054
7/27/17,37.639999,2055
7/28/17,37.375,2056
7/31/17,37.182499,2057
8/1/17,37.512501,2058
8/2/17,39.285,2059
8/3/17,38.892502,2060
8/4/17,39.0975,2061
8/7/17,39.702499,2062
8/8/17,40.02,2063
8/9/17,40.264999,2064
8/10/17,38.830002,2065
8/11/17,39.369999,2066
8/14/17,39.962502,2067
8/15/17,40.400002,2068
8/16/17,40.237499,2069
8/17/17,39.465,2070
8/18/17,39.375,2071
8/21/17,39.302502,2072
8/22/17,39.945,2073
8/23/17,39.994999,2074
8/24/17,39.817501,2075
8/25/17,39.965,2076
8/28/17,40.3675,2077
8/29/17,40.727501,2078
8/30/17,40.837502,2079
8/31/17,41,2080
9/1/17,41.012501,2081
9/5/17,40.52,2082
9/6/17,40.477501,2083
9/7/17,40.314999,2084
9/8/17,39.657501,2085
9/11/17,40.375,2086
9/12/17,40.215,2087
9/13/17,39.912498,2088
9/14/17,39.57,2089
9/15/17,39.970001,2090
9/18/17,39.6675,2091
9/19/17,39.682499,2092
9/20/17,39.017502,2093
9/21/17,38.3475,2094
9/22/17,37.9725,2095
9/25/17,37.637501,2096
9/26/17,38.285,2097
9/27/17,38.557499,2098
9/28/17,38.32,2099
9/29/17,38.529999,2100
10/2/17,38.452499,2101
10/3/17,38.619999,2102
10/4/17,38.369999,2103
10/5/17,38.8475,2104
10/6/17,38.825001,2105
10/9/17,38.959999,2106
10/10/17,38.974998,2107
10/11/17,39.137501,2108
10/12/17,39,2109
10/13/17,39.247501,2110
10/16/17,39.970001,2111
10/17/17,40.1175,2112
10/18/17,39.939999,2113
10/19/17,38.994999,2114
10/20/17,39.0625,2115
10/23/17,39.0425,2116
10/24/17,39.275002,2117
10/25/17,39.102501,2118
10/26/17,39.352501,2119
10/27/17,40.762501,2120
10/30/17,41.68,2121
10/31/17,42.259998,2122
11/1/17,41.7225,2123
11/2/17,42.0275,2124
11/3/17,43.125,2125
11/6/17,43.5625,2126
11/7/17,43.702499,2127
11/8/17,44.060001,2128
11/9/17,43.970001,2129
11/10/17,43.6675,2130
11/13/17,43.4925,2131
11/14/17,42.834999,2132
11/15/17,42.27,2133
11/16/17,42.775002,2134
11/17/17,42.537498,2135
11/20/17,42.494999,2136
11/21/17,43.285,2137
11/22/17,43.740002,2138
11/24/17,43.7425,2139
11/27/17,43.522499,2140
11/28/17,43.267502,2141
11/29/17,42.369999,2142
11/30/17,42.962502,2143
12/1/17,42.762501,2144
12/4/17,42.450001,2145
12/5/17,42.41,2146
12/6/17,42.252499,2147
12/7/17,42.330002,2148
12/8/17,42.342499,2149
12/11/17,43.1675,2150
12/12/17,42.924999,2151
12/13/17,43.067501,2152
12/14/17,43.055,2153
12/15/17,43.4925,2154
12/18/17,44.105,2155
12/19/17,43.634998,2156
12/20/17,43.587502,2157
12/21/17,43.752499,2158
12/22/17,43.752499,2159
12/26/17,42.642502,2160
12/27/17,42.650002,2161
12/28/17,42.77,2162
12/29/17,42.307499,2163
1/2/18,43.064999,2164
1/3/18,43.057499,2165
1/4/18,43.2575,2166
1/5/18,43.75,2167
1/8/18,43.587502,2168
1/9/18,43.5825,2169
1/10/18,43.572498,2170
1/11/18,43.82,2171
1/12/18,44.272499,2172
1/16/18,44.047501,2173
1/17/18,44.775002,2174
1/18/18,44.814999,2175
1/19/18,44.615002,2176
1/22/18,44.25,2177
1/23/18,44.259998,2178
1/24/18,43.555,2179
1/25/18,42.7775,2180
1/26/18,42.877499,2181
1/29/18,41.990002,2182
1/30/18,41.7425,2183
1/31/18,41.857498,2184
2/1/18,41.945,2185
2/2/18,40.125,2186
2/5/18,39.122501,2187
2/6/18,40.7575,2188
2/7/18,39.884998,2189
2/8/18,38.787498,2190
2/9/18,39.102501,2191
2/12/18,40.677502,2192
2/13/18,41.084999,2193
2/14/18,41.842499,2194
2/15/18,43.247501,2195
2/16/18,43.107498,2196
2/20/18,42.962502,2197
2/21/18,42.767502,2198
2/22/18,43.125,2199
2/23/18,43.875,2200
2/26/18,44.7425,2201
2/27/18,44.5975,2202
2/28/18,44.529999,2203
3/1/18,43.75,2204
3/2/18,44.052502,2205
3/5/18,44.205002,2206
3/6/18,44.1675,2207
3/7/18,43.7575,2208
3/8/18,44.235001,2209
3/9/18,44.994999,2210
3/12/18,45.43,2211
3/13/18,44.9925,2212
3/14/18,44.610001,2213
3/15/18,44.662498,2214
3/16/18,44.505001,2215
3/19/18,43.825001,2216
3/20/18,43.810001,2217
3/21/18,42.817501,2218
3/22/18,42.212502,2219
3/23/18,41.235001,2220
3/26/18,43.192501,2221
3/27/18,42.084999,2222
3/28/18,41.619999,2223
3/29/18,41.945,2224
4/2/18,41.669998,2225
4/3/18,42.0975,2226
4/4/18,42.9025,2227
4/5/18,43.200001,2228
4/6/18,42.095001,2229
4/9/18,42.512501,2230
4/10/18,43.3125,2231
4/11/18,43.110001,2232
4/12/18,43.535,2233
4/13/18,43.682499,2234
4/16/18,43.955002,2235
4/17/18,44.560001,2236
4/18/18,44.459999,2237
4/19/18,43.200001,2238
4/20/18,41.43,2239
4/23/18,41.310001,2240
4/24/18,40.735001,2241
4/25/18,40.912498,2242
4/26/18,41.055,2243
4/27/18,40.580002,2244
4/30/18,41.314999,2245
5/1/18,42.275002,2246
5/2/18,44.142502,2247
5/3/18,44.2225,2248
5/4/18,45.9575,2249
5/7/18,46.290001,2250
5/8/18,46.512501,2251
5/9/18,46.84,2252
5/10/18,47.509998,2253
5/11/18,47.147499,2254
5/14/18,47.037498,2255
5/15/18,46.610001,2256
5/16/18,47.044998,2257
5/17/18,46.747501,2258
5/18/18,46.577499,2259
5/21/18,46.907501,2260
5/22/18,46.790001,2261
5/23/18,47.09,2262
5/24/18,47.037498,2263
5/25/18,47.145,2264
5/29/18,46.974998,2265
5/30/18,46.875,2266
5/31/18,46.717499,2267
6/1/18,47.560001,2268
6/4/18,47.9575,2269
6/5/18,48.327499,2270
6/6/18,48.494999,2271
6/7/18,48.365002,2272
6/8/18,47.924999,2273
6/11/18,47.807499,2274
6/12/18,48.07,2275
6/13/18,47.674999,2276
6/14/18,47.700001,2277
6/15/18,47.209999,2278
6/18/18,47.185001,2279
6/19/18,46.422501,2280
6/20/18,46.625,2281
6/21/18,46.365002,2282
6/22/18,46.23,2283
6/25/18,45.5425,2284
6/26/18,46.107498,2285
6/27/18,46.040001,2286
6/28/18,46.375,2287
6/29/18,46.2775,2288
7/2/18,46.794998,2289
7/3/18,45.98,2290
7/5/18,46.349998,2291
7/6/18,46.9925,2292
7/9/18,47.645,2293
7/10/18,47.587502,2294
7/11/18,46.970001,2295
7/12/18,47.7575,2296
7/13/18,47.8325,2297
7/16/18,47.727501,2298
7/17/18,47.862499,2299
7/18/18,47.599998,2300
7/19/18,47.970001,2301
7/20/18,47.860001,2302
7/23/18,47.9025,2303
7/24/18,48.25,2304
7/25/18,48.705002,2305
7/26/18,48.552502,2306
7/27/18,47.744999,2307
7/30/18,47.477501,2308
7/31/18,47.572498,2309
8/1/18,50.375,2310
8/2/18,51.8475,2311
8/3/18,51.997501,2312
8/6/18,52.267502,2313
8/7/18,51.7775,2314
8/8/18,51.8125,2315
8/9/18,52.220001,2316
8/10/18,51.8825,2317
8/13/18,52.217499,2318
8/14/18,52.4375,2319
8/15/18,52.560001,2320
8/16/18,53.330002,2321
8/17/18,54.395,2322
8/20/18,53.865002,2323
8/21/18,53.759998,2324
8/22/18,53.762501,2325
8/23/18,53.872501,2326
8/24/18,54.040001,2327
8/27/18,54.485001,2328
8/28/18,54.924999,2329
8/29/18,55.744999,2330
8/30/18,56.2575,2331
8/31/18,56.907501,2332
9/4/18,57.09,2333
9/5/18,56.717499,2334
9/6/18,55.775002,2335
9/7/18,55.325001,2336
9/10/18,54.5825,2337
9/11/18,55.962502,2338
9/12/18,55.267502,2339
9/13/18,56.602501,2340
9/14/18,55.959999,2341
9/17/18,54.470001,2342
9/18/18,54.560001,2343
9/19/18,54.592499,2344
9/20/18,55.0075,2345
9/21/18,54.415001,2346
9/24/18,55.197498,2347
9/25/18,55.547501,2348
9/26/18,55.105,2349
9/27/18,56.237499,2350
9/28/18,56.435001,2351
10/1/18,56.814999,2352
10/2/18,57.32,2353
10/3/18,58.017502,2354
10/4/18,56.997501,2355
10/5/18,56.072498,2356
10/8/18,55.942501,2357
10/9/18,56.717499,2358
10/10/18,54.09,2359
10/11/18,53.612499,2360
10/12/18,55.5275,2361
10/15/18,54.34,2362
10/16/18,55.537498,2363
10/17/18,55.297501,2364
10/18/18,54.005001,2365
10/19/18,54.827499,2366
10/22/18,55.162498,2367
10/23/18,55.682499,2368
10/24/18,53.772499,2369
10/25/18,54.950001,2370
10/26/18,54.075001,2371
10/29/18,53.060001,2372
10/30/18,53.325001,2373
10/31/18,54.715,2374
11/1/18,55.555,2375
11/2/18,51.869999,2376
11/5/18,50.397499,2377
11/6/18,50.942501,2378
11/7/18,52.487499,2379
11/8/18,52.122501,2380
11/9/18,51.1175,2381
11/12/18,48.5425,2382
11/13/18,48.057499,2383
11/14/18,46.700001,2384
11/15/18,47.852501,2385
11/16/18,48.3825,2386
11/19/18,46.465,2387
11/20/18,44.244999,2388
11/21/18,44.195,2389
11/23/18,43.072498,2390
11/26/18,43.654999,2391
11/27/18,43.560001,2392
11/28/18,45.235001,2393
11/29/18,44.887501,2394
11/30/18,44.645,2395
12/3/18,46.205002,2396
12/4/18,44.172501,2397
12/6/18,43.68,2398
12/7/18,42.122501,2399
12/10/18,42.400002,2400
12/11/18,42.157501,2401
12/12/18,42.275002,2402
12/13/18,42.737499,2403
12/14/18,41.369999,2404
12/17/18,40.985001,2405
12/18/18,41.517502,2406
12/19/18,40.2225,2407
12/20/18,39.2075,2408
12/21/18,37.682499,2409
12/24/18,36.7075,2410
12/26/18,39.2925,2411
12/27/18,39.037498,2412
12/28/18,39.057499,2413
12/31/18,39.435001,2414
1/2/19,39.48,2415
1/3/19,35.547501,2416
1/4/19,37.064999,2417
1/7/19,36.982498,2418
1/8/19,37.6875,2419
1/9/19,38.327499,2420
1/10/19,38.450001,2421
1/11/19,38.072498,2422
1/14/19,37.5,2423
1/15/19,38.267502,2424
1/16/19,38.735001,2425
1/17/19,38.965,2426
1/18/19,39.205002,2427
1/22/19,38.325001,2428
1/23/19,38.48,2429
1/24/19,38.174999,2430
1/25/19,39.439999,2431
1/28/19,39.075001,2432
1/29/19,38.669998,2433
1/30/19,41.3125,2434
1/31/19,41.610001,2435
2/1/19,41.630001,2436
2/4/19,42.8125,2437
2/5/19,43.544998,2438
2/6/19,43.560001,2439
2/7/19,42.735001,2440
2/8/19,42.602501,2441
2/11/19,42.357498,2442
2/12/19,42.7225,2443
2/13/19,42.544998,2444
2/14/19,42.700001,2445
2/15/19,42.605,2446
2/19/19,42.732498,2447
2/20/19,43.0075,2448
2/21/19,42.764999,2449
2/22/19,43.2425,2450
2/25/19,43.557499,2451
2/26/19,43.5825,2452
2/27/19,43.717499,2453
2/28/19,43.287498,2454
3/1/19,43.7425,2455
3/4/19,43.962502,2456
3/5/19,43.8825,2457
3/6/19,43.630001,2458
3/7/19,43.125,2459
3/8/19,43.227501,2460
3/11/19,44.724998,2461
3/12/19,45.227501,2462
3/13/19,45.427502,2463
3/14/19,45.932499,2464
3/15/19,46.529999,2465
3/18/19,47.005001,2466
3/19/19,46.6325,2467
3/20/19,47.040001,2468
3/21/19,48.772499,2469
3/22/19,47.762501,2470
3/25/19,47.185001,2471
3/26/19,46.697498,2472
3/27/19,47.1175,2473
3/28/19,47.18,2474
3/29/19,47.487499,2475
4/1/19,47.810001,2476
4/2/19,48.505001,2477
4/3/19,48.837502,2478
4/4/19,48.922501,2479
4/5/19,49.25,2480
4/8/19,50.025002,2481
4/9/19,49.875,2482
4/10/19,50.154999,2483
4/11/19,49.737499,2484
4/12/19,49.717499,2485
4/15/19,49.807499,2486
4/16/19,49.8125,2487
4/17/19,50.782501,2488
4/18/19,50.965,2489
4/22/19,51.1325,2490
4/23/19,51.869999,2491
4/24/19,51.790001,2492
4/25/19,51.32,2493
4/26/19,51.075001,2494
4/29/19,51.1525,2495
4/30/19,50.1675,2496
5/1/19,52.630001,2497
5/2/19,52.287498,2498
5/3/19,52.9375,2499
5/6/19,52.119999,2500
5/7/19,50.715,2501
5/8/19,50.724998,2502
5/9/19,50.18,2503
5/10/19,49.294998,2504
5/13/19,46.43,2505
5/14/19,47.165001,2506
5/15/19,47.73,2507
5/16/19,47.52,2508
5/17/19,47.25,2509
5/20/19,45.772499,2510
5/21/19,46.650002,2511
5/22/19,45.695,2512
5/23/19,44.915001,2513
5/24/19,44.7425,2514
5/28/19,44.557499,2515
5/29/19,44.345001,2516
5/30/19,44.575001,2517
5/31/19,43.767502,2518
6/3/19,43.325001,2519
6/4/19,44.91,2520
6/5/19,45.634998,2521
6/6/19,46.305,2522
6/7/19,47.537498,2523
6/10/19,48.145,2524
6/11/19,48.702499,2525
6/12/19,48.547501,2526
6/13/19,48.537498,2527
6/14/19,48.185001,2528
6/17/19,48.4725,2529
6/18/19,49.612499,2530
6/19/19,49.467499,2531
6/20/19,49.865002,2532
6/21/19,49.695,2533
6/24/19,49.645,2534
6/25/19,48.892502,2535
6/26/19,49.950001,2536
6/27/19,49.935001,2537
6/28/19,49.48,2538
7/1/19,50.387501,2539
7/2/19,50.682499,2540
7/3/19,51.102501,2541
7/5/19,51.057499,2542
7/8/19,50.005001,2543
7/9/19,50.310001,2544
7/10/19,50.807499,2545
7/11/19,50.4375,2546
7/12/19,50.825001,2547
7/15/19,51.302502,2548
7/16/19,51.125,2549
7/17/19,50.837502,2550
7/18/19,51.415001,2551
7/19/19,50.647499,2552
7/22/19,51.805,2553
7/23/19,52.209999,2554
7/24/19,52.1675,2555
7/25/19,51.755001,2556
7/26/19,51.935001,2557
7/29/19,52.419998,2558
7/30/19,52.195,2559
7/31/19,53.259998,2560
8/1/19,52.107498,2561
8/2/19,51.005001,2562
8/5/19,48.334999,2563
8/6/19,49.25,2564
8/7/19,49.759998,2565
8/8/19,50.857498,2566
8/9/19,50.247501,2567
8/12/19,50.119999,2568
8/13/19,52.2425,2569
8/14/19,50.6875,2570
8/15/19,50.435001,2571
8/16/19,51.625,2572
8/19/19,52.587502,2573
8/20/19,52.59,2574
8/21/19,53.16,2575
8/22/19,53.115002,2576
8/23/19,50.66,2577
8/26/19,51.622501,2578
8/27/19,51.040001,2579
8/28/19,51.3825,2580
8/29/19,52.252499,2581
8/30/19,52.185001,2582
9/3/19,51.424999,2583
9/4/19,52.297501,2584
9/5/19,53.32,2585
9/6/19,53.314999,2586
9/9/19,53.5425,2587
9/10/19,54.174999,2588
9/11/19,55.897499,2589
9/12/19,55.772499,2590
9/13/19,54.6875,2591
9/16/19,54.974998,2592
9/17/19,55.174999,2593
9/18/19,55.692501,2594
9/19/19,55.240002,2595
9/20/19,54.432499,2596
9/23/19,54.68,2597
9/24/19,54.419998,2598
9/25/19,55.2575,2599
9/26/19,54.9725,2600
9/27/19,54.705002,2601
9/30/19,55.9925,2602
10/1/19,56.147499,2603
10/2/19,54.740002,2604
10/3/19,55.205002,2605
10/4/19,56.752499,2606
10/7/19,56.764999,2607
10/8/19,56.099998,2608
10/9/19,56.7575,2609
10/10/19,57.522499,2610
10/11/19,59.052502,2611
10/14/19,58.967499,2612
10/15/19,58.830002,2613
10/16/19,58.592499,2614
10/17/19,58.82,2615
10/18/19,59.102501,2616
10/21/19,60.127499,2617
10/22/19,59.990002,2618
10/23/19,60.794998,2619
10/24/19,60.895,2620
10/25/19,61.645,2621
10/28/19,62.262501,2622
10/29/19,60.822498,2623
10/30/19,60.814999,2624
10/31/19,62.189999,2625
11/1/19,63.955002,2626
11/4/19,64.375,2627
11/5/19,64.282501,2628
11/6/19,64.309998,2629
11/7/19,64.857498,2630
11/8/19,65.035004,2631
11/11/19,65.550003,2632
11/12/19,65.489998,2633
11/13/19,66.1175,2634
11/14/19,65.660004,2635
11/15/19,66.440002,2636
11/18/19,66.775002,2637
11/19/19,66.572502,2638
11/20/19,65.797501,2639
11/21/19,65.502502,2640
11/22/19,65.445,2641
11/25/19,66.592499,2642
11/26/19,66.072502,2643
11/27/19,66.959999,2644
11/29/19,66.8125,2645
12/2/19,66.040001,2646
12/3/19,64.862503,2647
12/4/19,65.434998,2648
12/5/19,66.394997,2649
12/6/19,67.677498,2650
12/9/19,66.730003,2651
12/10/19,67.120003,2652
12/11/19,67.692497,2653
12/12/19,67.864998,2654
12/13/19,68.787498,2655
12/16/19,69.964996,2656
12/17/19,70.102501,2657
12/18/19,69.934998,2658
12/19/19,70.004997,2659
12/20/19,69.860001,2660
12/23/19,71,2661
12/24/19,71.067497,2662
12/26/19,72.477501,2663
12/27/19,72.449997,2664
12/30/19,72.879997,2665
12/31/19,73.412498,2666